"mPFC NA","mPFC MHPG","mPFC DOPAC","mPFC DA","mPFC 5-HIAA","mPFC HVA","mPFC 5-HT","mPFC 3-MT","Nacc NA","Nacc MHPG","Nacc DOPAC","Nacc DA","Nacc 5-HIAA","Nacc HVA","Nacc 5-HT","Nacc 3-MT","Cpu NA","Cpu MHPG","Cpu DOPAC","Cpu DA","Cpu 5-HIAA","Cpu HVA","Cpu 5-HT","Cpu 3-MT","Hipp NA","Hipp MHPG","Hipp DOPAC","Hipp DA","Hipp 5-HIAA","Hipp HVA","Hipp 5-HT","Hipp 3-MT","Amygdala NA","Amygdala MHPG","Amygdala DOPAC","Amygdala DA","Amygdala 5-HIAA","Amygdala HVA","Amygdala 5-HT","Amygdala 3-MT","VTA NA","VTA MHPG","VTA DOPAC","VTA DA","VTA 5-HIAA","VTA HVA","VTA 5-HT","VTA 3-MT","mPFC Taurine","mPFC Gln","mPFC Gly","mPFC Asp","mPFC Glu","mPFC Ala","mPFC GABA","Nacc Taurine","Nacc Gln","Nacc Gly","Nacc Asp","Nacc Glu","Nacc Ala","Nacc GABA","Cpu Taurine","Cpu Gln","Cpu Gly","Cpu Asp","Cpu Glu","Cpu Ala","Cpu GABA","Hipp Taurine","Hipp Gln","Hipp Gly","Hipp Asp","Hipp Glu","Hipp Ala","Hipp GABA","Amygdala Taurine","Amygdala Gln","Amygdala Gly","Amygdala Asp","Amygdala Glu","Amygdala Ala","Amygdala GABA","VTA Taurine","VTA Gln","VTA Gly","VTA Asp","VTA Glu","VTA Ala","VTA GABA","mPFC 3-MT/DA","mPFC DOPAC/DA","mPFC HVA/DA","mPFC 5-HIAA/5-HT","mPFC MHPG/NA","Nacc 3-MT/DA","Nacc DOPAC/DA","Nacc HVA/DA","Nacc 5-HIAA/5-HT","Nacc MHPG/NA","Nacc Glu/Gln","Nacc Glu/GABA","Cpu 3-MT/DA","Cpu DOPAC/DA","Cpu HVA/DA","Cpu 5-HIAA/5-HT","Cpu MHPG/NA","Cpu Glu/Gln","Cpu Glu/GABA","Hipp 3-MT/DA","Hipp DOPAC/DA","Hipp HVA/DA","Hipp 5-HIAA/5-HT","Hipp MHPG/NA","Hipp Glu/Gln","Hipp Glu/GABA","Amygdala 3-MT/DA","Amygdala DOPAC/DA","Amygdala HVA/DA","Amygdala 5-HIAA/5-HT","Amygdala MHPG/NA","Amygdala Glu/Gln","Amygdala Glu/GABA","VTA 3-MT/DA","VTA DOPAC/DA","VTA HVA/DA","VTA 5-HIAA/5-HT","VTA MHPG/NA","VTA Glu/Gln","VTA Glu/GABA","Withdrawal","Morphine","USV episodes"
283.923999999998,41.6779999999996,72.7899999999994,81.2999999999993,113.783999999999,105.755999999999,114.177999999999,0,2451.10808823532,30.2161764705886,1169.71764705884,3855.36838235299,458.677941176476,406.237500000005,560.490441176477,89.9382352941187,112.885263157894,19.3752631578946,1299.85578947368,11258.8310526315,220.419473684209,867.288947368415,208.010526315788,343.36736842105,319.245348837211,31.5296511627909,8.4209302325582,17.1680232558141,215.604069767443,11.2063953488373,179.298837209304,0,424.425524475519,3.73951048951044,88.3993006992995,859.79790209789,135.73846153846,57.8937062937055,317.593006993003,38.5363636363631,451.12417582417,24.9131868131865,371.23516483516,1142.22692307691,369.990659340655,245.451098901096,563.594505494499,44.5730769230764,6.25399999999995,3.18999999999997,0.639999999999995,1.64599999999999,10.3699999999999,0.473999999999996,1.50399999999999,5.68897058823536,4.64338235294123,0.873529411764717,2.57647058823532,8.06029411764715,0.463235294117653,8.42426470588245,8.73947368421047,4.47631578947365,0.612631578947364,1.47947368421052,9.11052631578941,0.603157894736838,1.68157894736841,6.27034883720934,3.7604651162791,0.683720930232563,1.60813953488373,9.71162790697681,0.781395348837215,1.92034883720932,4.46118881118875,3.74265734265729,0.534965034965027,1.84405594405592,8.74090909090897,0.430069930069924,2.3328671328671,2.54999999999997,2.71318681318678,0.984065934065922,1.95164835164833,4.81978021978016,0.290109890109887,4.04340659340654,0,0.895325953259533,1.30081180811808,0.996549247665925,0.146792803708035,0.023328052309032,0.30339970945784,0.10536930838035,0.81835105022256,0.012327557734242,1.73586698337292,0.956794972505892,0.0304976037757308,0.115452108962046,0.0770318822011016,1.05965538181266,0.171636780708871,2.0352733686067,5.41784037558685,0,0.490500863557858,0.65274814589048,1.20248448413393,0.0987630713419365,2.58256029684601,5.05722070844687,0.0448202578098122,0.102814045583976,0.0673340864782828,0.427397513640627,0.00881075777459783,2.33548206278027,3.74685251798561,0.0390229612194802,0.325009993491603,0.214888209988874,0.656483794170464,0.0552246768146974,1.77642770352369,1.19200978393804,"control","saline",27
296.659756097562,48.6951219512196,45.3384146341464,88.1670731707319,131.187804878049,103.086585365854,154.955487804878,0,871.751351351369,33.4155405405412,1450.39864864868,5287.77364864875,482.329054054064,621.504729729742,644.041216216229,117.152027027029,89.4014018691594,23.4883177570095,1475.04953271029,10423.0570093459,233.259813084114,924.534112149539,172.980841121496,283.610747663553,234.408870967743,39.4306451612904,4.58225806451614,7.71532258064518,209.874193548388,7.05000000000002,153.176612903226,0,397.763245033115,4.35298013245036,93.1857615894046,1072.05794701988,159.23046357616,64.1225165562918,346.241721854307,28.123509933775,457.456818181822,37.3340909090913,455.118181818186,1153.30681818183,277.170454545457,275.165909090912,421.98863636364,66.538636363637,6.14634146341464,3.36036585365854,0.671341463414635,1.58414634146342,10.0737804878049,0.453658536585367,1.58780487804878,6.03648648648661,4.59932432432442,0.762162162162177,2.21756756756761,7.8405405405407,0.512837837837848,7.87702702702719,8.677570093458,4.66962616822433,0.609813084112153,1.70327102803739,9.40093457943931,0.629439252336452,1.98785046728973,5.93951612903227,3.54919354838711,0.679838709677421,1.34274193548387,8.63709677419357,0.747580645161292,1.8725806451613,4.73841059602652,3.8334437086093,0.489735099337752,1.9450331125828,9.0735099337749,0.419205298013248,2.52218543046359,2.64090909090911,2.87500000000003,0.945454545454554,1.81136363636365,4.75909090909095,0.30227272727273,4.98181818181823,0,0.514232955724304,1.16921863977758,0.846616062047716,0.164144684104727,0.0221552651099138,0.274292877309397,0.117536182716248,0.748910227963,0.0383315041482198,1.70471573380344,0.995367987647967,0.0272099392154579,0.141517937720928,0.0887008591932821,1.34847195545939,0.262728741003246,2.01320924647253,4.72919605077574,0,0.593916588272186,0.913766070868611,1.37014515186455,0.168213109847351,2.43353783231084,4.61240310077519,0.0262331994384755,0.0869223178172821,0.0598125471990956,0.459882369817817,0.0109436459673089,2.36693443897383,3.59747932256794,0.057693785655871,0.394620212629691,0.23858864332798,0.656819711862125,0.0816122733889438,1.65533596837945,0.95529197080292,"control","saline",43
332.243750000006,42.4937500000007,66.2854166666678,103.972916666669,108.427083333335,100.560416666668,89.6625000000016,0,906.137323943677,30.4014084507047,1494.85140845073,5531.28169014094,461.051408450712,570.441549295784,678.050704225363,123.521830985918,87.4879518072292,22.210843373494,1326.95963855422,12597.9397590362,247.659036144579,1005.46626506024,187.827108433736,280.512650602411,294.21,28.64,6.83749999999999,8.80499999999999,198.6675,0,143.9425,0,421.80254237288,5.39237288135592,104.805508474576,1013.72796610169,198.474152542372,76.7936440677964,388.104661016948,30.350847457627,615.598026315785,36.1203947368419,326.814473684208,1328.47302631578,372.521052631576,230.567763157893,598.651973684206,52.8355263157891,6.28333333333344,3.47708333333339,0.804166666666681,1.9354166666667,10.9916666666669,0.525000000000009,1.51875000000003,6.46901408450715,5.30492957746487,0.81760563380283,2.55633802816906,8.78450704225366,0.58943661971832,7.07112676056349,8.91867469879521,4.77289156626508,0.637951807228918,1.6210843373494,9.90000000000003,0.623493975903616,1.8487951807229,6.44249999999999,3.6425,0.764999999999999,1.485,9.00499999999999,0.799999999999999,1.9125,4.91186440677965,3.93432203389829,0.657203389830507,2.05805084745762,9.27457627118642,0.437288135593219,2.53474576271186,2.82236842105261,2.94276315789472,0.969078947368414,2.06644736842104,5.13157894736839,0.276315789473682,4.8473684210526,0,0.637525797984251,0.967178952852305,1.20928017101166,0.127899320905209,0.0223315025170541,0.270254073502563,0.103130084716631,0.679965975372651,0.0335505531527961,1.65591397849462,1.24230654317299,0.0222665496079393,0.105331479903484,0.0798119600737929,1.31854788272989,0.253873166701095,2.07421431276032,5.35483870967742,0,0.776547416240772,0,1.38018653281692,0.0973454335338704,2.47220315717227,4.70849673202614,0.0299398344255429,0.103386225870445,0.0757536998442567,0.511393375236236,0.0127841165940365,2.35735056542811,3.65897693079238,0.0397716214549847,0.24600760964681,0.173558483003092,0.622266473689243,0.0586752932802827,1.74379610999329,1.0586319218241,"control","saline",0
281.297014925376,48.7656716417916,61.2671641791051,91.5917910447771,110.433582089553,83.8074626865681,107.579104477613,0,2228.97464788729,25.6267605633799,682.715492957736,4193.77816901402,436.732394366191,441.94225352112,724.563380281679,84.2429577464776,92.2514705882354,21.8779411764706,1372.51323529412,10208.0294117647,237.283823529412,962.022058823531,203.125,264.245588235294,281.314534883723,36.6523255813956,7.44418604651168,20.5953488372094,219.640116279071,10.3691860465117,183.122093023257,0,471.63664122137,5.1629770992366,165.042366412212,1225.78969465648,215.390839694655,108.396183206106,334.394656488547,36.5896946564882,498.541875,27.350625,356.17875,1228.485,356.761875,1376.619375,572.647499999999,34.14375,5.97089552238812,3.31567164179108,0.754477611940306,1.75522388059703,9.68731343283592,0.479104477611945,1.51791044776121,4.66690140845063,4.15140845070416,0.695070422535201,2.46971830985912,6.9612676056337,0.390845070422529,6.71197183098581,8.32352941176472,4.61470588235295,0.639705882352942,1.75882352941177,9.34264705882354,0.61764705882353,1.70294117647059,6.10465116279074,3.88779069767445,0.76569767441861,1.50000000000001,8.86744186046518,0.758720930232563,1.85581395348838,4.82404580152668,4.12099236641218,0.612595419847323,2.15267175572517,9.02633587786252,0.444274809160302,3.01374045801524,2.8125,3.15,0.961874999999999,2.109375,5.06812499999999,0.294375,4.4475,0,0.668915450612305,0.915010632837134,1.02653375509864,0.173360075131719,0.0200876046255645,0.162792466707472,0.105380455453375,0.602752507581059,0.0114971072406184,1.67684478371501,1.03714195782184,0.0258860527900471,0.134454279070974,0.0942417013135565,1.1681665158371,0.237155473370423,2.02453792224347,5.48618307426598,0,0.361449864498645,0.503472222222222,1.19941899228498,0.13028948396337,2.28084342754598,4.7781954887218,0.0298498957985956,0.134641665802603,0.0884296740938775,0.64412165540101,0.0109469380620351,2.19033064740206,2.99506079027356,0.0277933796505452,0.289933332519323,1.12058297415109,0.623004335127631,0.0548612390884918,1.60892857142857,1.13954468802698,"control","saline",4
321.103703703704,47.0722222222222,106.368518518519,100.351851851852,196.437037037037,137.935185185185,154.224074074074,0,618.156428571438,49.7700000000007,2923.91142857147,7072.00714285725,428.762142857149,847.352142857156,516.096428571436,154.549285714288,66.8866666666674,23.3683333333336,1803.76666666669,12360.4950000001,215.828333333336,1205.68833333335,120.393333333335,310.755000000004,257.841279069769,24.3645348837211,9.17790697674425,11.6808139534885,247.172093023258,15.1098837209303,162.544186046513,0,493.668120805365,6.86073825503349,176.160402684562,1278.55268456375,235.687248322146,113.130201342281,356.136241610735,39.8154362416104,555.488961038958,55.211688311688,393.031168831167,1338.41688311688,280.036363636362,234.899999999999,409.778571428569,36.9681818181816,6.65370370370371,3.80925925925926,0.705555555555556,2.02592592592593,11.5851851851852,0.535185185185185,1.84444444444445,6.65571428571438,5.26928571428579,0.767142857142868,1.80428571428574,8.70000000000013,0.638571428571438,5.24785714285722,9.10833333333344,4.54333333333339,0.57333333333334,1.63666666666669,9.47500000000011,0.586666666666673,1.87500000000002,5.84651162790702,3.84418604651165,0.622674418604655,1.54534883720931,9.03837209302332,0.661046511627911,2.00232558139536,4.93691275167781,3.92114093959728,0.505369127516774,1.91174496644294,8.9305369127516,0.419798657718117,3.391610738255,2.79545454545453,2.92792207792206,0.882467532467528,1.86623376623376,4.81168831168829,0.276623376623375,4.94025974025971,0,1.05995571138586,1.37451559328289,1.27371189106759,0.14659507716441,0.021853666518194,0.413448596629973,0.119817772485282,0.830779131806764,0.0805136009262565,1.65107767385116,1.65781951817068,0.0251409834314888,0.145929970172446,0.0975436933013875,1.79269339387563,0.349372072161866,2.08547322083639,5.05333333333333,0,0.785724951470808,1.29356428251456,1.52064554897416,0.0944943143767461,2.35117967332123,4.51393728222997,0.0311410211892799,0.137781105785773,0.0884830188916946,0.661789564735613,0.0138974707215061,2.27753530166881,2.63312555654497,0.0276208274749874,0.293653773939166,0.175505855434944,0.683384596368961,0.0993929532072481,1.64337990685296,0.97397476340694,"control","saline",5
344.265789473682,32.5046052631577,60.6256578947364,100.863157894736,140.427631578946,64.0697368421048,158.206578947367,0,1504.19817073171,20.9030487804878,1038.97682926829,4113.65304878049,417.362195121952,459.342073170733,618.543292682928,72.3475609756099,97.1233695652187,18.4206521739133,1095.02608695654,11077.0043478262,256.058152173917,1042.2668478261,179.879347826089,280.914130434786,323.866216216223,10.6540540540543,14.5763513513516,9.50472972972992,266.637162162167,0,111.707432432435,0,476.49523809524,4.95238095238097,72.1726190476194,814.24166666667,133.883333333334,33.3261904761906,295.109523809525,14.8369047619048,600.625609756099,66.1701219512196,428.449390243903,1269.62743902439,306.058536585366,265.953658536586,473.072560975611,25.9554878048781,6.88618421052627,3.72236842105261,0.748026315789469,2.08815789473683,11.0921052631578,0.52302631578947,1.57302631578946,5.46402439024391,4.25670731707318,0.713414634146343,2.03048780487805,6.49207317073172,0.444512195121952,6.91280487804879,9.30163043478274,4.56521739130441,0.542934782608703,1.1592391304348,8.31847826086968,0.578804347826095,1.56521739130437,5.68986486486498,3.17635135135141,0.664864864864878,1.10472972972975,7.08243243243257,0.677027027027041,1.74932432432436,4.82857142857145,4.12619047619049,0.605952380952384,1.94880952380953,8.9869047619048,0.453571428571431,2.43333333333334,2.74024390243903,3.15731707317074,0.985975609756099,1.86036585365854,5.10182926829269,0.285365853658537,4.12317073170732,0,0.601068409517846,0.635214464621165,0.887621946655356,0.0944171807278648,0.0175871810572497,0.252567928541349,0.111662813495393,0.674750175224835,0.0138964726770806,1.52513966480447,0.939137337920085,0.0253601173759504,0.0988557964384501,0.0940928445180792,1.42349944709316,0.189662408299619,1.82214285714286,5.31458333333333,0,1.53358925143954,0,2.3869240958827,0.0328964662585903,2.2297383535418,4.0486674391657,0.0182217459131561,0.0886378356723975,0.0409291145866078,0.453673373888629,0.0103933482571154,2.17801500288517,3.69324853228963,0.0204433891447895,0.337460720424515,0.209473779757745,0.646958969580029,0.110168665598675,1.61587485515643,1.23735581188997,"control","saline",11
865.226470588274,63.2647058823558,142.323529411771,268.345588235306,310.967647058837,266.527941176482,362.444117647075,0,1167.95538461539,66.3553846153851,2328.72230769233,3872.88000000003,498.498461538465,747.304615384621,462.228461538465,56.1207692307697,107.008750000002,19.4825000000003,1566.66625000003,9581.65625000017,283.480000000005,1218.45250000002,231.256250000004,250.237500000004,368.853896103894,23.0727272727271,8.92987012987008,14.5733766233765,303.96818181818,0,160.866233766233,0,494.463698630131,8.03424657534237,129.806506849314,1252.24417808218,133.079794520546,83.2099315068483,211.444520547943,26.4441780821915,595.699411764694,68.8764705882339,487.732941176461,1292.10529411762,430.512352941168,305.182941176464,533.654117647048,30.7076470588229,NA,NA,NA,NA,NA,NA,NA,5.03538461538465,4.63615384615388,0.810000000000006,2.01923076923078,6.4661538461539,0.49615384615385,6.10846153846158,7.63250000000013,4.69000000000008,0.56500000000001,1.44125000000003,8.21500000000015,0.56875000000001,1.64000000000003,6.06233766233763,3.79480519480517,0.689610389610386,1.61688311688311,8.97272727272722,0.736363636363632,1.73961038961038,4.44760273972598,4.31712328767118,0.544520547945199,2.04965753424655,9.33493150684921,0.440753424657529,2.71952054794517,2.11764705882349,2.90823529411759,0.93529411764704,1.94647058823525,4.81235294117637,0.268235294117642,3.70764705882345,0,0.530374023838882,0.993226469379367,0.857974048737737,0.0731192445364525,0.0144907069753696,0.601289559111645,0.192958370872481,1.07846769080225,0.0568132871250351,1.3947237431558,1.05855685681904,0.0261163094845946,0.163506831086745,0.127165123461823,1.22582632901813,0.18206455079608,1.75159914712154,5.00914634146342,0,0.612752305841465,0,1.88957107219841,0.0625524835617524,2.36447638603696,5.1578947368421,0.0211174294478981,0.103659101891864,0.0664486471274996,0.629383982974257,0.0162484052875885,2.16230366492147,3.43256516811485,0.0237655918589771,0.377471513658284,0.236190457980341,0.806725440139681,0.115622861510296,1.65473300970874,1.29795335554498,"control","saline",23
279.171093750002,34.1156250000002,57.2039062500004,52.3546875000003,185.922656250001,72.7875000000004,119.981250000001,0,2646.87529411766,15.8435294117648,532.851176470591,2712.78000000002,379.46117647059,422.862352941179,551.355882352944,70.2070588235298,88.9232673267327,15.0207920792079,1361.19356435644,10151.0896039604,260.392574257426,1190.15346534653,207.359405940594,304.526732673267,380.793181818185,30.3227272727276,9.36590909090918,32.9818181818185,337.77272727273,0,226.629545454548,0,456.595862068967,6.36310344827588,74.5810344827589,768.080689655175,113.613103448276,36.8813793103449,228.358965517242,18.8937931034483,537.326712328761,57.028767123287,392.449315068489,1314.78082191779,410.023972602735,217.239041095888,645.398630136979,27.5691780821915,6.05156250000004,3.09843750000002,0.658593750000004,1.92656250000001,9.61406250000006,0.466406250000003,1.48125000000001,4.1858823529412,3.47470588235296,0.614117647058827,2.17764705882354,5.48647058823532,0.294705882352943,6.65117647058827,8.14455445544555,4.36039603960396,0.521287128712871,1.56683168316832,8.37178217821782,0.510891089108911,1.54752475247525,4.79090909090914,3.19318181818185,0.647727272727279,1.52500000000001,7.4363636363637,0.57954545454546,1.48863636363638,4.74103448275863,4.12655172413794,0.616551724137933,2.17034482758621,9.47172413793106,0.452068965517243,1.99655172413794,2.49452054794518,2.79246575342463,0.784931506849306,1.91712328767121,4.49178082191776,0.26712328767123,4.2493150684931,0,1.0926224371027,1.39027665860865,1.54959759337396,0.122203285955353,0.0258801151672931,0.196422554158682,0.155877864383096,0.688232752412502,0.0059857483452186,1.57897409852717,0.824887237994163,0.0299994133195768,0.134093345390762,0.117243912898001,1.25575482373838,0.168918580375783,1.91995912806539,5.40978886756238,0,0.283971885336273,0,1.49041788260778,0.0796304364693314,2.3288256227758,4.99541984732824,0.0245987086486064,0.097100520150092,0.0480175843594019,0.497519785093342,0.0139359638947292,2.29531210829782,4.7440414507772,0.0209686493920545,0.298490294751977,0.165228331197449,0.635303444191866,0.106134249079346,1.60853568800589,1.05705996131528,"control","saline",3
347.516666666676,62.6583333333351,50.3833333333347,110.727777777781,172.925000000005,121.34166666667,209.125000000006,0,1133.51999999999,22.2919999999998,1547.58199999999,7408.02799999994,386.523999999997,782.151999999993,566.547999999995,172.773999999999,103.854545454546,18.8079545454547,1376.08806818183,11683.9073863637,246.467045454548,1265.14431818183,170.611363636365,342.89488636364,289.047656250002,15.3750000000001,76.7226562500005,46.9125000000003,266.423437500002,0,144.583593750001,0,484.231578947375,4.73947368421059,94.7197368421065,976.701315789486,151.422368421055,43.4907894736848,270.367105263161,19.7486842105266,458.792957746486,55.6838028169023,298.588732394371,1036.25915492959,227.721126760567,164.767605633806,374.296478873246,21.8640845070426,7.26666666666687,3.66666666666677,0.811111111111134,1.54722222222227,10.4027777777781,0.547222222222237,1.70277777777783,6.43799999999995,5.13799999999996,0.717999999999994,1.94999999999998,8.36999999999993,0.559999999999995,5.29399999999996,9.09375000000008,4.52045454545459,0.547159090909096,1.4096590909091,9.05625000000008,0.589772727272733,1.65000000000002,4.40390625000003,2.70937500000002,0.532031250000003,1.21171875000001,6.40546875000004,0.499218750000003,1.43437500000001,4.51710526315795,3.75526315789478,0.568421052631586,1.80657894736844,8.77763157894748,0.432894736842111,2.51973684210529,2.33239436619722,2.58380281690145,0.682394366197194,1.3711267605634,4.07746478873246,0.268309859154934,3.69718309859161,0,0.455019818373388,1.0958557021725,0.826897788404065,0.180303102968683,0.0233225360379307,0.208906067849636,0.105581674367321,0.682244046400305,0.0196661726303903,1.62903853639548,1.58103513411409,0.0293476210504571,0.117776358770856,0.108280926606657,1.44461095791871,0.18109900210084,2.00339366515837,5.48863636363636,0,1.63544164668265,0,1.84269480782635,0.0531919206661964,2.36418685121107,4.4656862745098,0.0202197784432832,0.0969792251846643,0.0445282388490798,0.560062098803284,0.00978761792965523,2.33742116327961,3.48355091383812,0.021099050756785,0.288140983820459,0.159002316022965,0.608397726438897,0.121370221309437,1.57808667211774,1.10285714285714,"control","saline",26
364.270161290324,35.4725806451614,70.4298387096776,110.564516129033,155.131451612904,146.828225806452,164.441129032258,0,897.181395348843,20.4558139534885,1497.83372093024,6642.69418604656,370.569767441863,606.688953488376,620.572674418609,131.183720930233,87.7018518518519,12.487037037037,1055.38148148148,11150.2759259259,245.235185185185,1133.79444444444,178.568518518519,297.212962962963,317.095360824741,13.540206185567,9.17319587628862,11.1092783505154,331.985567010308,0,130.114948453608,0,483.565966386554,4.13193277310924,102.213025210084,1106.76176470588,137.979831932773,59.3457983193276,244.409243697479,26.640756302521,656.406428571438,37.7207142857148,385.587857142863,1333.33928571431,466.971428571436,248.607857142861,689.314285714296,32.7300000000005,6.71854838709679,3.68225806451614,0.733064516129034,1.90887096774194,10.5870967741936,0.510483870967743,1.70564516129033,5.61279069767446,4.85058139534887,0.685465116279074,1.69011627906978,7.35174418604656,0.525000000000003,4.98837209302329,8.70740740740741,4.83518518518519,0.537037037037037,1.59814814814815,9.15,0.592592592592593,1.62777777777778,5.82989690721647,3.7623711340206,0.746907216494842,1.60515463917525,8.50206185567007,0.72525773195876,1.98711340206185,4.72310924369747,4.01848739495798,0.571008403361344,1.82142857142857,9.06680672268906,0.457563025210083,2.58781512605041,2.64857142857147,3.1971428571429,0.915000000000013,1.94785714285717,5.16000000000008,0.300000000000004,4.88571428571436,0,0.637002188183807,1.32798687089716,0.943385955362003,0.0973798691594992,0.0197485714765846,0.225485876510249,0.0913317603515105,0.597141612445369,0.0228000870944664,1.51564185544768,1.47377622377622,0.0266552114887042,0.0946507053720145,0.101683084075813,1.3733394173831,0.142380540129648,1.89237839908081,5.62116040955631,0,0.825723830734966,0,2.55147906490296,0.0427007388261686,2.25976161117961,4.27859922178988,0.0240709041024747,0.0923532312640442,0.0536211136053283,0.564544244912274,0.00854471377294209,2.25627352572146,3.503653190453,0.0245473904134357,0.289189601832135,0.18645506046848,0.67744342203432,0.0574654857780839,1.61394101876676,1.05614035087719,"control","saline",29
289.470491803279,23.6508196721312,52.0598360655738,96.2668032786886,131.899180327869,179.808196721312,146.601639344262,5.50819672131148,1084.20468750001,33.3187500000002,2470.31953125001,6254.59687500004,420.628125000003,828.056250000005,602.378906250004,141.979687500001,76.5489130434793,21.7614130434786,1850.84510869568,11565.4565217393,253.711956521743,1084.16086956523,228.986413043481,308.744021739135,368.257407407408,23.5240740740741,11.3537037037037,74.0592592592593,211.309259259259,4.5462962962963,189.862962962963,0,492.287404580157,4.68664122137409,50.4572519083974,279.626335877865,280.968320610689,13.8183206106871,611.99198473283,21.6274809160307,658.599193548389,31.0427419354839,631.623387096776,1373.09516129033,399.273387096775,356.864516129033,428.987903225808,42.8830645161291,4.73975409836066,2.56598360655738,0.640573770491804,1.63647540983607,9.03688524590165,0.382377049180328,1.22704918032787,5.70468750000003,4.55390625000003,0.768750000000005,1.84921875000001,8.18437500000005,0.539062500000003,4.42734375000003,7.87663043478272,4.08097826086962,0.591847826086965,1.3467391304348,8.70652173913055,0.560869565217399,1.52608695652176,7.35925925925926,4.03333333333333,0.783333333333334,1.73888888888889,11.1314814814815,0.85,2.14074074074074,4.79427480916035,3.88396946564889,0.664122137404586,1.62709923664123,9.58511450381687,0.484351145038172,2.20648854961834,3.02661290322581,3.18629032258065,1.13709677419355,2.12177419354839,5.6225806451613,0.333870967741936,4.32822580645162,0.0572180287878207,0.540787003333461,1.86781102724242,0.899711496527894,0.0817037326492125,0.022700054110202,0.394960631455564,0.132391625959107,0.698278310604439,0.0307310514187387,1.79722079258878,1.84859714134463,0.0266953596824126,0.160032170387454,0.0937412948228514,1.1079782121115,0.284281150159744,2.13343987215342,5.70512820512821,0,0.153305661132226,0.0613872774554911,1.11295671341904,0.0638794321604755,2.75987144168962,5.19982698961938,0.0773442202721462,0.180445277981385,0.0494170928761256,0.459104575909354,0.00952013230029935,2.46786556603774,4.34405812143228,0.0312309486808118,0.459999718084525,0.259897876119292,0.930733440487268,0.0471344973385595,1.76461655277145,1.29904974846283,"withdrawal","saline",57
344.598076923076,35.5653846153845,65.005769230769,105.028846153846,159.230769230769,91.407692307692,223.961538461538,4.18653846153845,2499.53372093025,16.4127906976745,487.142441860468,1506.79534883722,464.755813953492,232.527906976746,613.948255813958,21.8162790697676,60.8826446280992,13.8842975206612,1262.29586776859,9269.15826446281,255.918595041322,665.639256198347,304.079752066116,191.179338842975,257.636597938143,15.8211340206185,11.7541237113402,12.7036082474226,217.093298969071,9.36958762886594,180.052577319587,0,467.168691588778,4.76635514018685,54.7794392523357,176.49672897196,207.898598130838,15.6560747663549,545.782710280366,13.3850467289718,503.896753246751,38.0435064935063,396.769480519478,1196.67857142856,291.894155844154,242.855844155843,519.274675324673,26.8675324675323,5.74230769230767,3.21923076923076,0.790384615384612,2.32115384615384,11.1846153846153,0.426923076923075,1.35192307692307,3.97500000000003,3.64360465116282,0.77616279069768,2.25523255813955,6.40813953488376,0.294767441860467,7.65000000000005,7.14297520661157,3.95330578512397,0.549173553719008,1.09834710743802,7.53347107438017,0.492148760330579,1.49876033057851,6.69896907216492,3.80257731958761,0.774742268041234,1.71494845360824,9.74072164948449,0.770103092783502,1.72886597938144,5.05093457943918,4.44252336448592,0.735981308411204,1.97523364485978,10.2238317757008,0.510280373831768,2.29485981308408,2.44870129870129,2.7681818181818,0.94480519480519,1.96948051948051,4.69480519480517,0.2512987012987,3.8707792207792,0.0398608440904513,0.618932527693857,0.87031035429827,0.71097372488408,0.103208308452992,0.0144785946456518,0.323297017233556,0.154319501421467,0.756995088026318,0.00656634097801497,1.75873623743418,0.83766529867761,0.020625318220743,0.136182362168541,0.0718122657102914,0.841616692010714,0.228050171037628,1.90561304484164,5.02646815550041,0,0.925258673158856,0.737553256238588,1.2057216964117,0.0614087212268539,2.56161041073607,5.63416815742397,0.0758373642782821,0.31037084693529,0.0887046171198005,0.380918255955821,0.0102026424844035,2.30135689491953,4.45510079413561,0.0224517536362822,0.331558941550884,0.202941583441181,0.562118989649649,0.0754986140481778,1.69598874032372,1.2128837443382,"withdrawal","saline",1
321.340476190478,36.5380952380954,69.564285714286,109.107142857143,149.219047619048,69.0690476190479,181.528571428572,0,2871.17359550565,24.3252808988767,531.08089887641,2308.93820224722,487.007865168544,317.142134831464,637.429213483153,55.016292134832,94.7649999999999,24.2775,1103.68125,9593.46749999999,259.19375,692.569999999999,325.50625,202.87875,297.015217391299,22.3217391304344,11.3478260869563,16.7543478260866,303.849999999994,0,221.269565217387,0,372.324264705881,5.72426470588233,86.161764705882,665.380147058821,225.641911764705,29.7661764705881,525.369485294115,28.5551470588234,538.541304347816,77.5304347826073,377.00434782608,1212.87826086954,451.760869565209,287.221739130429,677.03260869564,16.9260869565214,6.19285714285717,3.47142857142859,0.978571428571433,2.37142857142858,11.3380952380953,0.471428571428573,1.65476190476191,4.19157303370791,3.5477528089888,0.655617977528097,2.13202247191013,6.6455056179776,0.298314606741576,8.56685393258436,7.46624999999999,4.19375,0.537499999999999,1.4775,8.20124999999999,0.544999999999999,1.8475,6.09347826086945,3.76521739130428,0.663043478260857,1.58913043478258,8.98260869565201,0.723913043478247,1.81086956521736,5.23235294117645,4.32242647058822,0.539338235294115,1.89816176470587,9.93198529411761,0.455514705882351,2.82022058823528,2.66304347826082,2.91739130434777,0.947826086956504,1.93695652173909,5.06304347826078,0.252173913043474,4.11304347826079,0,0.637577741407529,0.63303873431533,0.822014112956113,0.113705237731823,0.0238275290699796,0.230010876150573,0.137354102644583,0.764018741010238,0.00847224317503961,1.87315914489311,0.775722998229392,0.0211475934014474,0.115045081457773,0.0721918326194361,0.796278873293524,0.256186355722049,1.95558867362146,4.43910690121786,0,0.677306344881277,0,1.37321189970919,0.0751535201680488,2.38568129330254,4.96038415366146,0.042915538110125,0.129492539094746,0.0447355945351894,0.429491849223761,0.015374406796732,2.29778004593008,3.52170512319124,0.0139553057405668,0.310834450570329,0.236810031473821,0.667266042673431,0.143963766858139,1.7354694485842,1.23097251585624,"withdrawal","saline",20
412.002739726023,52.1671232876706,56.6712328767117,153.096575342464,181.473287671231,97.6643835616427,265.565753424654,11.7616438356163,2712.62054794517,17.7349315068491,302.878767123284,1420.38904109587,502.929452054789,220.273972602737,867.704794520538,48.8136986301364,85.0821428571432,16.7732142857144,1135.21785714286,10324.9321428572,369.435714285716,877.407142857147,333.312500000001,314.030357142858,330.298333333329,0,12.4099999999998,17.3299999999998,369.388333333328,0,241.621666666663,0,390.559500000008,6.39900000000014,71.3835000000015,454.17000000001,307.662000000007,26.3085000000006,691.846500000015,10.6050000000002,615.822794117634,35.6823529411757,379.347794117639,1321.91911764703,504.238235294107,273.818382352936,851.5257352941,45.527205882352,5.71232876712322,3.45410958904106,1.30890410958903,2.26849315068491,11.3198630136985,0.756164383561635,1.42191780821916,3.61438356164379,3.6534246575342,0.663698630136979,2.20273972602737,5.99589041095883,0.304109589041092,7.6623287671232,7.67321428571432,4.44285714285716,0.687500000000003,1.14107142857143,8.31250000000004,0.626785714285717,1.55892857142858,5.83166666666659,3.92333333333328,0.758333333333323,1.51333333333331,9.37666666666654,0.808333333333323,1.85166666666664,4.7550000000001,4.19850000000009,0.669000000000014,1.75050000000004,9.69750000000021,0.526500000000011,2.12400000000004,2.15294117647054,3.08823529411758,0.968382352941156,1.98529411764702,4.98308823529401,0.260294117647053,3.88897058823521,0.0768249963090716,0.370166561531131,0.637926637765579,0.683345971123938,0.1266183892912,0.0343664286458273,0.213236485469927,0.155080028238453,0.579608935240112,0.00653793304053655,1.64116985376828,0.782515419683561,0.0304147623246227,0.109949183339496,0.0849794585298208,1.10837641638317,0.197141417957436,1.8709807073955,5.33218785796105,0,0.716099249855741,0,1.52878811916702,0,2.38997451146984,5.06390639063906,0.0233502873373406,0.157173525331924,0.057926547328093,0.444696908924162,0.0163841873005266,2.30975348338692,4.5656779661017,0.0344402356200043,0.286967477097135,0.207137016703656,0.592158538954731,0.0579425660790979,1.61357142857143,1.28133862733976,"withdrawal","saline",253
392.992771084339,40.4403614457833,79.9283132530123,180.533132530121,173.962048192772,87.3180722891569,236.625903614459,15.4951807228916,3383.98636363635,20.9610389610389,360.239610389609,1793.77207792207,368.935714285712,273.712987012986,514.211688311686,43.5292207792206,104.439,29.5125,1460.247,8238.51749999999,260.1795,703.786499999999,267.132,219.4725,304.145312500005,30.4921875000005,22.4359375000004,103.390625000002,297.460937500005,26.5656250000005,187.573437500003,0,448.998305084753,4.12627118644074,74.2792372881368,521.55254237289,175.037288135596,38.2182203389837,370.250847457633,14.1902542372884,579.506521739138,15.3913043478263,337.286956521744,1265.85000000002,338.539130434787,234.076086956525,581.539130434791,28.934782608696,5.73795180722893,3.47168674698796,0.675903614457833,2.20120481927712,11.1469879518073,0.482530120481929,1.70602409638555,4.29545454545452,3.59220779220777,0.670129870129867,2.19155844155843,6.72077922077919,0.296103896103895,9.45584415584411,7.68149999999999,4.3785,0.542999999999999,1.443,8.46749999999999,0.582,1.8645,6.20781250000011,3.49062500000006,0.664062500000012,1.33593750000002,8.63125000000015,0.707812500000013,2.17031250000004,4.50000000000007,4.1059322033899,0.572033898305094,1.92330508474579,10.0283898305086,0.484322033898313,2.79406779661021,2.27608695652177,2.7934782608696,0.882608695652186,1.67173913043481,4.64130434782615,0.273913043478265,4.1956521739131,0.0858301216277091,0.442734871615196,0.483667851243806,0.735177533547692,0.102903575895813,0.0242668627274238,0.200827972975761,0.152590727875561,0.717478273387836,0.00619418540993015,1.87093275488069,0.710754017305315,0.0266398050377389,0.177246331029824,0.085426352496065,0.973973541170657,0.282581219659323,1.93388146625557,4.54143201930812,0,0.217001662384767,0.256944234547378,1.58583721375795,0.100255326144472,2.47269471799463,3.97696184305256,0.0272077175057521,0.142419471200718,0.0732777951097766,0.472753241045924,0.00918994824637894,2.44241486068111,3.58917197452229,0.0228579868141531,0.266450966956384,0.184916132998793,0.582143337769338,0.0265593289642987,1.66147859922179,1.10621761658031,"withdrawal","saline",152
312.845238095239,47.6380952380954,440.785714285716,105.809523809524,168.904761904763,63.7547619047622,280.019047619049,14.104761904762,3059.19890109886,17.2219780219778,412.50494505494,1872.70384615382,480.499450549445,270.357692307689,784.90054945054,39.7780219780215,101.847321428573,21.6803571428574,1334.7736607143,10084.9794642858,327.563839285718,879.005357142867,368.134821428575,291.780803571432,291.999504950495,18.8183168316832,7.18663366336634,28.1584158415842,292.488118811881,0,232.164356435644,0,516.811280487806,3.43628048780488,27.1518292682927,113.940548780488,292.027134146342,5.75121951219513,519.196646341464,0,377.705172413796,40.3137931034486,21.5568965517243,30.0086206896554,588.820689655177,50.7534482758625,380.410344827589,15.6120689655174,5.79285714285717,3.84047619047621,0.873809523809528,1.92380952380953,11.5952380952381,0.471428571428573,1.48571428571429,3.58516483516479,3.78296703296699,0.693956043956036,2.10989010989008,6.21098901098894,0.280219780219777,7.26758241758233,7.45044642857151,4.8616071428572,0.621428571428578,1.3982142857143,8.7000000000001,0.557142857142863,1.7357142857143,6.65643564356436,4.40495049504951,0.744059405940594,1.73316831683168,10.4153465346535,0.751485148514852,1.70346534653465,3.98048780487806,3.75274390243903,0.65579268292683,1.59420731707317,8.39725609756099,0.470121951219513,1.5594512195122,1.74827586206898,2.69655172413795,1.20172413793104,1.83103448275864,5.81206896551729,0.303448275862071,1.04137931034484,0.133303330333033,4.16584158415842,0.602542754275428,0.603190259166043,0.152273678602687,0.0212409570577419,0.220272386315726,0.144367563970647,0.612178766960747,0.00562957119780335,1.64183006535948,0.854615559083692,0.0289322159360584,0.13235264042343,0.0871598559278885,0.889793141584872,0.212871156931331,1.78953168044077,5.01234567901235,0,0.255221518987342,0,1.25983214349684,0.064446399780279,2.36446392447741,6.11421098517873,0,0.238298213927353,0.0504756170981337,0.562459592534198,0.00664900441910142,2.23763100170607,5.38475073313783,0.520252800919276,0.718356794024706,1.69129560471129,1.54785667020187,0.106733494926256,2.15537084398977,5.58112582781457,"withdrawal","saline",45
327.522077922076,47.9785714285712,81.1714285714282,107.616233766233,129.362337662337,151.377272727272,238.503896103895,10.3422077922077,4044.06071428573,15.8928571428572,329.407142857144,1662.94285714286,378.498214285716,247.62142857143,497.035714285716,36.0607142857144,114.718055555556,22.5569444444446,1186.85000000001,9395.74305555562,265.133333333335,1118.71944444445,323.583333333336,246.470833333335,325.46808510638,29.0186170212764,13.166489361702,47.8595744680847,287.143085106381,0,235.95319148936,0,493.995454545451,5.09090909090905,38.9284090909088,450.072727272724,170.904545454544,24.9556818181816,509.343181818178,12.5568181818181,598.268674698797,60.070481927711,361.216265060242,1311.18072289157,368.224698795182,263.490361445784,639.670481927713,33.4120481927712,6.06233766233763,3.33896103896102,0.720779220779217,2.44675324675323,10.8603896103896,0.446103896103894,1.57597402597402,3.83035714285716,3.83392857142859,0.751785714285717,2.2107142857143,6.5339285714286,0.287500000000001,8.29107142857146,8.24583333333339,4.61944444444448,0.562500000000004,1.68055555555557,8.75555555555562,0.561111111111115,1.90277777777779,6.52819148936165,3.65904255319146,0.702127659574462,1.76170212765956,8.98723404255312,0.690957446808505,1.84148936170211,4.63068181818178,4.05909090909088,0.679545454545449,1.95795454545453,9.3352272727272,0.502272727272723,2.09431818181817,2.41626506024097,1.77650602409639,0.883734939759039,0.827710843373497,2.67650602409639,0.236746987951808,4.74939759036146,0.0961026736419094,0.754267509005666,1.40663975526311,0.542390878201777,0.146489579368101,0.0216848787863169,0.198086868374482,0.148905554696493,0.761511101530502,0.00392992545505446,1.70423847228691,0.788068059444325,0.0262321810926491,0.126317843408695,0.119066628134638,0.819366469224826,0.196629417533324,1.8953698135899,4.6014598540146,0,0.275106695118698,0,1.21694935887031,0.0891596391449304,2.45617095508068,4.88041594454073,0.0278995313888664,0.0864935969944251,0.0554481093964612,0.335539085542432,0.0103055788146744,2.2998320268757,4.45740640260445,0.0254824126144007,0.275489304223178,0.200956555298269,0.575647476628121,0.100407199086521,1.50661241098678,0.563546423135464,"withdrawal","saline",38
304.572222222218,47.5861111111105,39.9138888888884,111.880555555554,139.113888888887,109.963888888887,257.919444444441,0,3624.85399999997,14.2019999999999,403.287999999997,2404.08799999998,339.993999999997,292.707999999998,465.333999999996,45.0039999999996,99.0256097560977,18.1152439024391,1305.43719512195,9078.91829268294,423.651219512196,1115.48780487805,302.014024390244,224.043292682927,369.99893617021,27.9765957446806,12.7260638297871,46.4920212765954,352.294148936167,0,296.339361702125,4.34042553191486,618.964772727279,14.8414772727274,179.805681818183,550.59545454546,307.621022727276,49.0261363636368,448.491477272731,6.6051136363637,623.097656250004,55.2492187500003,377.041406250002,1288.43671875001,346.399218750002,266.648437500002,527.969531250003,32.4562500000002,6.14166666666658,3.40277777777773,0.72499999999999,1.82777777777775,10.6138888888887,0.463888888888883,1.38333333333331,4.45399999999996,3.84599999999997,0.687999999999994,2.17199999999998,6.66599999999994,0.307999999999997,8.16799999999993,7.93536585365855,4.09756097560976,0.508536585365855,1.27682926829268,8.05975609756099,0.550609756097562,1.61341463414634,5.54042553191485,3.23138297872338,0.643085106382974,1.30851063829786,8.08882978723398,0.587234042553187,1.70744680851062,4.59375000000004,3.9511363636364,0.703977272727279,1.45909090909092,8.96590909090917,0.480681818181823,2.3693181818182,2.13281250000001,2.60390625000002,0.925781250000006,1.63828125000001,4.58437500000003,0.264843750000002,3.52968750000002,0,0.356754475258833,0.98286863470467,0.53936952752259,0.156239169691553,0.0187197806403093,0.167750930914343,0.121754278545544,0.730645085035695,0.00391795090229841,1.73322932917317,0.816111655239961,0.0246773112677413,0.143787745746545,0.122865716918839,1.40275346606017,0.182934939224886,1.96696428571429,4.99546485260771,0.0933585035181054,0.273725759395916,0,1.1888199627368,0.0756126383342103,2.50320987654321,4.73738317757009,0.0119963097803205,0.326565866706293,0.0890420288778265,0.68590160196112,0.023977902986842,2.26919758412425,3.7841726618705,0.025190410617518,0.292634788160798,0.206955012706168,0.656096987130827,0.088668635158263,1.76057605760576,1.29880478087649,"withdrawal","saline",491
285.857812500002,33.1968750000002,66.6421875000004,112.736718750001,122.791406250001,93.7781250000006,105.775781250001,0,407.119999999997,26.3059999999998,1694.99799999999,8675.49999999993,273.231999999998,903.237999999993,372.693999999997,187.935999999998,99.3896341463416,17.9908536585366,1649.70365853659,12084.6420731708,286.39024390244,1392.12256097561,225.385975609756,288.854268292683,323.986363636364,20.6020661157025,9.83181818181818,17.0801652892562,288.556611570248,0,197.222727272727,0,526.99821428572,6.77008928571436,101.48705357143,748.419642857151,188.832589285716,42.8330357142862,387.366964285719,19.3031250000002,612.771093750004,52.5234375000003,452.882812500003,1396.00546875001,340.762500000002,297.229687500002,389.205468750002,34.2023437500002,5.57343750000003,3.53437500000002,0.644531250000004,1.95703125000001,10.3734375000001,0.407812500000002,1.45781250000001,6.56199999999995,5.95799999999995,0.681999999999994,2.01399999999998,9.36599999999992,0.645999999999995,3.21399999999997,8.95975609756099,5.51158536585367,0.587195121951221,1.67012195121952,9.71707317073172,0.645731707317074,1.76707317073171,6.01735537190083,3.75,0.637190082644628,1.5396694214876,8.65289256198347,0.678099173553719,1.60785123966942,4.77455357142862,5.05044642857148,0.617410714285721,2.20446428571431,10.5723214285715,0.511607142857148,2.85133928571432,2.36953125000001,3.15468750000002,0.902343750000005,1.81640625000001,4.73437500000003,0.276562500000002,3.93281250000002,0,0.591131161514314,0.831833018024573,1.16086503733576,0.116130724956135,0.021662843640136,0.195377557489482,0.104113653391735,0.733126908402067,0.0646148555708391,1.57200402819738,2.91412570006223,0.0239025919463492,0.136512413735374,0.115197665975253,1.27066576847846,0.181013380450187,1.76302688350481,5.49896480331263,0,0.575627812454638,0,1.46310019925452,0.0635893001312421,2.30743801652893,5.3816499614495,0.0257918471064028,0.135601803800866,0.0572313088293189,0.48747726754116,0.0128465127626483,2.09334394059931,3.70784405824331,0.0245001502613204,0.324413351263958,0.212914414845483,0.875533689427379,0.0857146135575198,1.50074294205052,1.20381406436234,"withdrawal","saline",27
326.254615384618,44.9007692307696,36.0807692307695,90.7961538461545,146.012307692309,62.0653846153851,192.936923076925,0,1293.29074074074,22.2314814814815,762.411111111111,5640.15370370371,417.266666666667,527.914814814815,797.1,121.246296296296,64.601388888888,20.1305555555553,1232.56944444443,9724.35555555543,294.033333333329,887.162499999988,310.04444444444,304.547222222218,334.711267605639,23.5901408450708,10.4725352112678,12.6845070422537,245.621830985919,0,190.563380281693,0,473.830932203389,3.54025423728813,89.5080508474574,304.590254237287,338.544915254236,31.4707627118643,668.112711864405,13.7911016949152,515.360769230756,35.1576923076914,354.016153846144,1271.56846153843,331.375384615376,249.406153846147,582.473076923062,44.4923076923065,5.36769230769235,3.24923076923079,0.756923076923083,1.76076923076924,9.84000000000008,0.410769230769234,1.37769230769232,5.25555555555556,4.65,0.725925925925926,2.07037037037037,7.38148148148148,0.462962962962963,6.77222222222222,7.48472222222212,4.39583333333328,0.606944444444436,1.30277777777776,8.261111111111,0.549999999999993,1.57916666666665,6.66549295774659,4.318309859155,0.82816901408452,1.81901408450707,10.267605633803,0.823943661971844,1.92676056338031,4.44406779661016,4.41228813559321,0.652118644067795,1.95635593220338,9.73728813559319,0.488135593220338,2.12923728813559,2.28923076923071,2.93999999999992,0.939230769230744,1.89461538461533,4.63153846153834,0.279230769230762,3.59769230769221,0,0.39738213241835,0.68356843309188,0.756787790349975,0.137624931919619,0.0214969844202433,0.135175591156401,0.0935993667101927,0.523480951783549,0.0171898559087713,1.58741537236161,1.0899644517364,0.0313179850821305,0.126750758690664,0.0912309813160998,0.948358658256881,0.31161180745168,1.87930489731438,5.23131046613896,0,0.825616255829447,0,1.28892461197339,0.0704790759325885,2.37769080234834,5.32894736842105,0.0452775540354992,0.293863804249388,0.103321633814808,0.506718266607304,0.00747155577375539,2.20685681359839,4.57313432835821,0.0349901000520859,0.278409039351159,0.196140562926827,0.568911075454131,0.0682195743385142,1.57535321821036,1.28736369467607,"withdrawal","saline",45
402.740384615383,45.1903846153844,49.4480769230767,89.832692307692,151.076923076922,166.298076923076,150.980769230769,4.85961538461537,2834.2111764706,16.0588235294119,155.692941176471,249.271764705884,540.109411764709,55.4064705882356,530.721176470591,21.3441176470589,143.618534482758,20.7749999999999,817.317672413789,8229.17715517237,255.470689655171,485.004310344825,357.835344827584,224.811206896551,405.615882352943,0,18.9882352941178,65.6152941176474,218.915294117648,0,160.372941176471,0,474.323863636368,5.62727272727278,63.004545454546,558.821590909096,168.095454545456,15.4727272727274,338.056818181821,15.9443181818183,740.437078651693,45.2882022471915,317.494382022475,1265.347752809,446.037640449443,229.938202247193,743.501123595513,30.318539325843,6.07884615384613,4.23461538461537,0.938461538461535,2.80576923076922,12.0461538461538,0.573076923076921,1.63846153846153,2.72470588235296,4.91294117647062,0.926470588235299,2.64882352941178,6.90352941176474,0.326470588235296,7.39235294117651,6.989224137931,4.88663793103446,0.660775862068962,1.57499999999999,7.91508620689651,0.581896551724135,2.2331896551724,5.47058823529415,4.08882352941179,0.83117647058824,1.64117647058824,8.84294117647064,0.78352941176471,1.61117647058824,4.66136363636368,4.36931818181822,0.780681818181825,1.91818181818184,9.25113636363645,0.55454545454546,1.74772727272729,2.86348314606744,3.98089887640453,1.17640449438203,2.54325842696632,5.89550561797759,0.33539325842697,4.45280898876409,0.0540962901119603,0.550446342559887,1.85119773938732,1.0006368615463,0.112207234093351,0.0856258937799992,0.62459116202019,0.222273351551107,1.01768958110274,0.0056660645694756,1.4051724137931,0.933874433038912,0.027318795385909,0.0993194893003454,0.0589371575309908,0.713933638328166,0.144654031423041,1.61974067213549,3.54429646786335,0,0.289387337959228,0,1.3650388432844,0,2.1627104013811,5.48849945235487,0.0285320367738118,0.112745367178905,0.0276881343248679,0.497240243369525,0.0118637773864712,2.11729518855657,5.29323797139142,0.0239606379025351,0.250914723891243,0.181719374564615,0.59991522042689,0.0611641468977479,1.4809483488569,1.32399697199092,"control","morphine",22
383.212087912093,58.7142857142864,43.3681318681324,93.0675824175836,119.907692307694,77.882967032968,159.913186813189,11.1560439560441,2600.70892857137,17.8857142857139,885.694642857123,2884.58214285708,401.94642857142,296.853571428565,534.464285714274,72.5357142857127,122.888114754098,17.5659836065574,1120.82336065574,10674.3405737705,160.475409836066,736.85286885246,173.280737704918,307.487704918033,373.711290322577,46.6370967741931,13.7161290322579,57.7548387096769,166.182258064515,11.2499999999999,163.425806451611,0,455.540000000003,6.54600000000004,138.514000000001,924.074000000006,167.469000000001,52.8530000000003,320.112000000002,22.8290000000001,614.294505494513,77.9818681318691,326.217032967037,1157.14120879122,268.369780219784,217.493406593409,479.464285714292,37.5346153846158,6.46813186813195,4.74725274725281,0.949450549450561,2.69010989010992,13.2263736263738,0.657692307692316,1.84615384615387,4.65357142857133,4.48928571428561,0.810714285714268,2.4821428571428,6.57321428571414,0.44999999999999,8.07321428571411,6.65778688524591,4.45204918032787,0.549590163934427,1.2922131147541,7.63401639344263,0.585245901639345,1.6155737704918,5.45322580645156,4.3596774193548,0.790322580645154,1.5274193548387,9.06774193548379,0.751612903225799,1.79193548387095,4.31100000000003,4.31800000000003,0.623000000000004,1.92700000000001,8.48900000000006,0.466000000000003,2.40700000000002,2.65879120879124,3.59175824175829,1.04670329670331,2.13956043956047,5.11318681318688,0.328021978021982,4.11263736263741,0.119870352987018,0.465985370432688,0.836843130656559,0.749829921454635,0.153216162971757,0.0251460040634754,0.307044347844389,0.102910424015362,0.752054794520548,0.00687724569605678,1.46420047732697,0.814200398142004,0.0288062482916843,0.10500164885219,0.0690302940739112,0.926100684712811,0.142942900879449,1.71471969069318,4.72526636225266,0,0.237488829311886,0.194788873994638,1.01686668508942,0.124794454922508,2.07991120976693,5.06030603060306,0.024704731439257,0.149894921835264,0.0571956358473456,0.523157519868046,0.0143697589673794,1.96595646132469,3.52679684254258,0.0324373681443991,0.281916356006205,0.187957532703038,0.55972840567254,0.126945410441353,1.42358880220285,1.24328657314629,"control","morphine",6
349.929452054801,49.9068493150694,91.0746575342483,86.4945205479468,136.236986301372,101.305479452057,119.722602739728,0,880.271739130447,26.3130434782612,1929.3086956522,5141.1217391305,421.36521739131,580.813043478269,515.586956521746,61.9804347826095,81.2220000000003,16.6380000000001,1211.3664,10773.8076,185.814000000001,727.293600000003,154.107600000001,240.106800000001,344.0404109589,0,7.51849315068484,15.6575342465752,218.25821917808,0,151.629452054793,0,506.865517241381,5.16827586206898,89.1765517241382,388.135862068967,224.885172413794,39.3496551724139,426.544137931036,13.9024137931035,579.520689655177,76.8275862068972,378.208620689658,1020.09310344828,358.950000000003,247.606896551726,445.624137931038,16.7155172413794,6.83219178082205,3.89794520547952,0.889726027397277,2.66301369863019,13.3643835616441,0.591780821917819,2.00753424657538,6.0782608695653,5.06304347826094,0.823913043478272,2.23913043478264,8.62826086956533,0.634782608695661,6.72608695652183,7.11360000000002,3.91440000000001,0.547200000000002,1.3944,8.28360000000003,0.556800000000002,1.71840000000001,5.41027397260268,3.35547945205476,0.684246575342458,1.58835616438354,8.57465753424648,0.688356164383554,1.74863013698628,4.73689655172415,4.04172413793105,0.620689655172416,2.08758620689656,9.8886206896552,0.476896551724139,2.74137931034484,2.99137931034485,3.51551724137934,1.14310344827587,2.12241379310347,5.7379310344828,0.418965517241383,5.55000000000004,0,1.05295291490474,1.17123580557799,1.13793872822449,0.142619745271552,0.0120558193187411,0.375269988447793,0.112973991465236,0.817253446894633,0.0298919553003643,1.70416487762988,1.28280542986425,0.022286160001595,0.112436238419554,0.0675057163634517,1.20574196210959,0.204845977690773,2.11618638871858,4.82053072625698,0,0.480183727034121,0,1.43941837301641,0,2.55541947336191,4.90364277320799,0.0358184212069361,0.229756022153636,0.101381137426106,0.527226029888971,0.0101965426454681,2.44663424622473,3.60716981132075,0.016386266297532,0.370758923289625,0.242729703509146,0.80549945446526,0.13257091175228,1.63217263364394,1.03386144765455,"control","morphine",12
288.43392857143,39.5928571428573,85.208928571429,60.901785714286,169.585714285715,93.8982142857147,96.4928571428576,6.41964285714288,556.304651162794,49.8453488372096,1765.76860465117,6225.69244186051,400.135465116282,527.958139534887,659.593604651167,128.609302325582,41.7564516129038,17.2064516129035,2179.27419354842,12385.1193548389,184.522580645164,822.48548387098,124.227419354841,306.862903225811,306.128571428573,26.5428571428573,7.26309523809527,23.2809523809525,227.950000000001,7.2714285714286,194.217857142858,0,484.157407407408,17.8925925925926,192.847222222222,1080.04351851852,183.708333333333,59.1490740740741,290.050925925926,28.2407407407408,549.866949152541,52.5228813559321,376.571186440677,1195.44406779661,388.207627118643,207.800847457627,519.521186440677,25.8127118644067,6.16250000000003,3.6482142857143,0.892857142857147,2.46964285714287,11.7803571428572,0.573214285714288,1.92857142857144,6.46220930232562,5.36337209302329,0.795348837209308,1.9779069767442,8.90581395348843,0.652325581395353,5.1540697674419,7.64838709677431,4.26612903225813,0.646774193548396,1.49677419354841,8.48548387096787,0.58548387096775,1.65483870967744,6.64047619047622,4.44166666666669,0.839285714285718,1.88809523809525,10.8380952380953,0.811904761904765,2.03928571428572,4.74351851851852,3.84907407407408,0.616666666666667,2.12777777777778,9.25277777777778,0.453703703703704,2.48888888888889,3.04067796610169,3.22118644067796,1.07542372881356,2.19915254237287,5.16864406779659,0.345762711864406,5.05169491525422,0.105409763964228,1.39912036358305,1.54179739041196,1.75749500333111,0.137268376639859,0.0206578310005864,0.283626057846745,0.0848031194064432,0.606639394764747,0.0896008126716581,1.66048780487805,1.72791878172589,0.0247767417038189,0.175959078884207,0.0664091689636914,1.4853611352748,0.412066901000425,1.9890359168242,5.12768031189084,0,0.311975864184905,0.312333810595214,1.17368198451665,0.0867049325680153,2.44009648887698,5.31465265615878,0.0261477803963661,0.178555047936169,0.0547654544098446,0.633365788255574,0.0369561475644973,2.40389704113543,3.71763392857143,0.0215925717980128,0.315005274261603,0.173827327480604,0.747241185250434,0.0955192550432077,1.60457774269929,1.0231504781077,"control","morphine",46
309.800495049505,47.9851485148515,54.8168316831683,78.4707920792079,155.60495049505,61.4569306930693,136.960396039604,12.1826732673267,753.386931818189,28.283522727273,1569.63750000001,4561.70625000004,438.963068181822,566.853409090914,647.936931818188,85.6431818181826,94.9283898305082,21.0127118644067,1231.40974576271,11071.8038135593,144.194491525423,855.362288135591,111.578389830508,285.237711864406,396.623893805307,47.693362831858,8.30176991150436,11.6469026548672,216.888053097343,7.21194690265481,145.007522123893,0,475.818956043956,3.97087912087912,110.485714285714,481.448076923077,171.907417582418,54.2151098901099,295.758791208791,23.8063186813187,585.957857142866,66.5614285714296,409.013571428578,1254.14785714288,345.456428571434,266.655000000004,517.680000000008,41.348571428572,5.73118811881188,3.48861386138614,0.723267326732673,2.65693069306931,11.3183168316832,0.513861386138614,1.5519801980198,5.60625000000005,4.5545454545455,0.736363636363643,2.41534090909093,7.40965909090916,0.50795454545455,5.81079545454551,8.09745762711862,4.55593220338982,0.603813559322032,1.66906779661016,9.1716101694915,0.584745762711863,1.68050847457627,5.87389380530969,3.67035398230086,0.724778761061941,1.85575221238937,9.20442477876099,0.719469026548667,1.65265486725662,4.65659340659341,4.02527472527473,0.590934065934066,2.18241758241758,9.28351648351648,0.478846153846154,2.14615384615385,3.05571428571433,3.34500000000005,1.0907142857143,2.38928571428575,5.43642857142865,0.353571428571434,4.54071428571435,0.155251055131821,0.698563506633609,0.783182239718379,1.13613099110822,0.154890483655243,0.0187743745705199,0.344089999219042,0.124263461526246,0.677478079463752,0.0375418281533167,1.62687125748503,1.27515400410678,0.0257625330675643,0.111220336496086,0.0772559108289162,1.29231557960695,0.221353294856515,2.01311383928571,5.45763993948563,0,0.712787782083428,0.619215865055847,1.4957020844204,0.120248334950969,2.50777576853526,5.56947791164659,0.0494473232367326,0.229486251127693,0.112608425474658,0.581241953552141,0.00834535713728961,2.30630630630631,4.32565284178187,0.032969455071087,0.326128669039365,0.212618471164541,0.667316544141996,0.113594224840646,1.6252402306214,1.19726285983955,"control","morphine",0
235.03387096774,40.4854838709674,96.067741935483,62.603225806451,218.911290322579,63.4112903225801,92.1806451612895,4.11129032258061,836.060106382972,39.6207446808507,1564.8159574468,5213.27712765953,452.776595744677,605.178191489357,637.712234042548,92.1590425531907,72.6144230769233,17.3365384615385,1235.51971153847,11716.95,160.123557692308,1111.2201923077,104.75625,270.400961538462,250.432317073171,34.6920731707318,7.90792682926831,20.2463414634147,292.088414634147,0,180.254268292683,0,421.565753424659,8.16986301369866,102.97191780822,594.298972602742,185.279794520549,37.4136986301371,324.687328767124,12.243493150685,566.193181818187,70.0363636363643,444.986363636368,1252.39090909092,331.729545454548,249.302272727275,402.427272727276,24.4659090909093,6.48870967741929,3.29032258064513,0.827419354838702,2.31935483870966,10.3967741935483,0.58387096774193,1.82258064516127,5.63776595744676,4.09148936170209,0.689361702127654,1.98989361702126,6.66223404255314,0.515425531914889,5.613829787234,8.45192307692311,4.26778846153848,0.552403846153848,1.44663461538462,8.60336538461541,0.615865384615387,1.70625000000001,5.8189024390244,3.23780487804879,0.760975609756099,1.55487804878049,7.78719512195123,0.739024390243904,1.76524390243903,4.56267123287673,3.68219178082193,0.576369863013701,1.93664383561645,8.43904109589044,0.460273972602741,2.34657534246576,2.70227272727275,2.90000000000003,0.90681818181819,1.81818181818183,4.44772727272731,0.32727272727273,4.75227272727277,0.0656721801411862,1.53454938939558,1.01290771371155,2.37480753079507,0.172253827519712,0.01767775629349,0.300159749640877,0.116084024821648,0.710001426308638,0.0473898280498768,1.6283151326053,1.18675383740762,0.0230777601285711,0.10544721207639,0.0948386902997531,1.52853464773995,0.238747864775752,2.01588374450828,5.04226542688081,0,0.390585471629924,0,1.62042440049118,0.138528739326384,2.40508474576271,4.41139896373057,0.020601572129705,0.173266188493062,0.0629543383968564,0.570640669052524,0.0193798071767676,2.29185267857143,3.59632224168126,0.0195353614540914,0.355309480774954,0.199061068646879,0.824321729505049,0.123696939287506,1.53369905956113,0.935915829746533,"control","morphine",0
304.453521126756,36.4330985915487,116.296478873238,67.5042253521117,184.5676056338,106.455633802815,80.2964788732382,0,1424.4528409091,52.7590909090914,1602.85909090911,5914.43693181824,420.127840909095,722.901136363643,507.608522727277,112.073863636365,134.76573033708,13.1089887640451,2050.06685393261,11322.3893258428,255.552808988767,1256.77584269664,148.078651685395,309.208988764048,316.590624999998,18.2312499999999,10.8484374999999,15.9343749999999,242.585937499999,0,148.590624999999,0,540.507999999996,9.36699999999992,154.568999999999,983.931999999992,175.332999999999,66.5349999999994,227.161999999998,17.4009999999999,549.676086956529,53.1434782608703,388.586956521744,1151.64782608697,406.106521739136,251.786956521743,449.434782608702,32.5282608695657,6.89366197183088,3.41619718309854,0.851408450704213,2.17816901408447,11.2499999999998,0.587323943661963,1.93309859154927,5.89772727272733,4.75056818181822,0.821590909090916,2.28238636363638,7.82897727272734,0.559090909090914,6.35284090909097,8.35617977528099,4.47471910112364,0.643820224719108,1.53370786516856,8.84831460674166,0.610112359550568,1.83539325842699,5.50937499999997,3.07968749999998,0.648437499999996,1.49687499999999,7.82031249999996,0.628124999999996,1.73906249999999,4.25199999999996,3.56299999999997,0.579999999999995,1.98699999999998,8.39799999999993,0.421999999999996,2.95199999999998,2.43695652173916,2.62826086956525,0.828260869565229,1.73478260869568,4.20869565217397,0.273913043478265,4.08695652173918,0,1.72280295443165,1.57702178267401,2.29857657799879,0.119667194048908,0.0189492025916169,0.271007892955306,0.122226535627527,0.827661124860224,0.0370381450293713,1.64800861141012,1.23235846525356,0.0273095174406601,0.181063094982384,0.110999172217838,1.72579103118598,0.0972724203048986,1.9774011299435,4.82093663911846,0,0.680819768582075,0,1.63257902374393,0.0575861966853883,2.53932014205987,4.49685534591195,0.0176851652349959,0.157093173105459,0.0676215429521552,0.771841241052641,0.0173299932655946,2.35700252596127,2.84485094850948,0.0282449722326043,0.337418217374726,0.218631903623919,0.903593886040437,0.0966814448034613,1.60132340777502,1.02978723404255,"control","morphine",8
259.808333333336,26.401666666667,98.5416666666678,61.3050000000007,181.205000000002,61.8700000000007,80.2066666666676,0,839.465999999993,26.2059999999998,1248.14399999999,5048.34199999996,339.569999999997,608.767999999995,517.615999999996,113.555999999999,88.792173913043,15.2739130434782,2341.76347826086,9745.87826086951,264.10956521739,1081.86260869565,204.794347826086,306.774782608694,221.70291262136,13.3733009708738,9.22864077669905,20.0271844660195,225.914563106797,0,192.22572815534,0,465.607094594597,7.36418918918923,233.006756756758,1014.97500000001,170.481081081082,70.2820945945949,185.496283783785,15.7489864864866,618.864999999992,43.0049999999994,393.544999999995,1146.13833333332,361.226666666662,236.201666666664,486.874999999994,21.1999999999997,6.38500000000007,3.51500000000004,0.750000000000008,2.07666666666669,10.4733333333335,0.526666666666673,1.75166666666669,5.54799999999995,4.01799999999997,0.705999999999994,2.01999999999998,6.57399999999994,0.477999999999996,5.81799999999995,7.73869565217387,3.99652173913041,0.67565217391304,1.39565217391304,7.58347826086952,0.588260869565214,1.71652173913042,5.74223300970875,3.72233009708739,0.760194174757283,1.6121359223301,8.56165048543691,0.665533980582526,1.84805825242719,4.37736486486489,3.42263513513515,0.856418918918923,1.91554054054055,8.13648648648653,0.441891891891894,2.88445945945947,2.55666666666663,2.78999999999996,0.914999999999988,1.93166666666664,4.6616666666666,0.308333333333329,4.32166666666661,0,1.60740015768154,1.00921621401191,2.25922616573851,0.101619783814992,0.022493721701105,0.247238400251013,0.120587709786698,0.656026861611697,0.0312174644357246,1.63613738178198,1.12994156067377,0.0314773870960834,0.240282447161609,0.111007195014883,1.28963307835857,0.17201868554808,1.89751958224543,4.41793313069909,0,0.460805700988947,0,1.17525663850903,0.060320817677816,2.30007824726135,4.6327817178881,0.0155166250267115,0.229568961557434,0.0692451484958689,0.919053889401878,0.0158163165352994,2.37725792123186,2.8208011243851,0.0184968946447709,0.343366056744168,0.206084780342105,0.741928968763372,0.0694901149685311,1.67084826762246,1.0786733513305,"control","morphine",0
311.325974025972,32.5772727272726,68.415584415584,108.666233766233,102.734415584415,78.3038961038957,83.0298701298697,0,1402.70224719099,21.4584269662918,1106.07134831459,4514.66460674151,297.866292134827,527.480898876397,537.028651685385,79.1865168539314,99.11462264151,12.0834905660378,2006.01084905661,11609.8089622642,145.838207547171,1133.25990566038,122.984433962265,291.406132075473,336.664925373127,14.7425373134325,6.6067164179103,20.5231343283577,141.228358208952,0,119.151492537311,0,406.570481927707,4.14487951807225,210.572891566263,736.637349397583,243.234939759034,52.5804216867464,381.328915662647,14.0376506024095,586.325000000003,65.2625000000003,418.248214285716,1239.39821428572,304.866071428573,261.126785714287,462.478571428573,25.5250000000001,7.54480519480515,3.54740259740258,0.74415584415584,2.01233766233765,11.2422077922077,0.547402597402595,1.74740259740259,5.51629213483138,3.66741573033703,0.685955056179765,1.73764044943818,6.08932584269654,0.42977528089887,6.08764044943811,9.4033018867925,4.60754716981134,0.684905660377362,1.71226415094341,9.38632075471703,0.615566037735852,1.70094339622642,6.21268656716404,2.95970149253725,0.667164179104463,1.55820895522385,8.25895522388041,0.720895522388044,1.59626865671638,4.19819277108429,3.40030120481924,0.585542168674693,1.90843373493974,8.04216867469871,0.463554216867465,2.20572289156624,2.29464285714287,2.35178571428572,0.883928571428575,1.92142857142858,4.31964285714288,0.282142857142858,3.6232142857143,0,0.629593775769962,0.720590871607328,1.23731875557224,0.104640394458558,0.0175398448725707,0.244995242096822,0.116837228193815,0.55465623891764,0.0152979201461064,1.66038602941176,1.00027685492802,0.0250999937227771,0.172785861987637,0.0976122784917357,1.18582655421188,0.121914307334276,2.03716216216216,5.51830282861897,0,0.321915566706665,0,1.18528400443434,0.043789941280914,2.79046898638427,5.17391304347826,0.0190563926929437,0.285856930467167,0.0713789787196459,0.637861252499976,0.010194737941672,2.36513420143502,3.64604670217124,0.0205946722415688,0.337460720424515,0.210688366906174,0.659200426274577,0.111307721826632,1.83675018982536,1.19221291276491,"control","morphine",9
343.752906976747,57.6802325581399,87.3348837209308,158.773255813955,145.613372093024,148.834883720931,119.251744186047,0,1186.71796875001,19.9429687500001,967.537500000006,4388.94609375003,503.467968750003,549.972656250003,757.448437500005,67.5750000000004,66.837209302326,14.9651162790699,1623.27034883722,12725.8918604652,309.390697674421,1115.30755813954,258.622674418606,328.268023255816,349.058571428566,92.7278571428556,19.2128571428568,26.7042857142853,257.90571428571,0,196.872857142854,0,431.553846153845,5.44487179487177,157.86282051282,1350.41538461538,316.728205128204,93.1615384615381,677.487179487177,26.3307692307691,699.925324675321,45.7772727272725,423.629220779219,1461.65454545454,520.981168831166,303.3487012987,808.611038961035,19.1006493506493,5.91627906976748,3.16395348837211,0.76569767441861,2.3372093023256,11.5343023255815,0.432558139534887,1.51046511627908,5.01692307692294,3.78461538461528,0.634615384615368,2.00538461538456,6.92999999999982,0.399230769230759,6.80769230769213,7.65000000000005,4.17383720930235,0.603488372093027,1.28546511627908,8.6912790697675,0.587790697674423,1.65348837209303,7.43142857142845,4.12285714285707,1.12071428571427,1.77214285714283,10.8642857142855,0.966428571428555,2.22642857142853,5.11282051282049,4.21153846153844,0.684615384615382,2.17564102564102,10.1461538461538,0.460256410256408,2.75128205128204,2.64155844155843,3.21623376623375,1.1551948051948,2.24999999999999,5.92597402597399,0.276623376623375,4.20974025974024,0,0.550060419641876,0.937405251016149,1.22105863597139,0.167795621178679,0.0153966347630081,0.220448708945823,0.125308592200114,0.664689428117013,0.0168051460205043,1.83109756097561,1.01796610169492,0.0257952862443871,0.12755650972331,0.0876408168770006,1.1963015167558,0.223903966597077,2.08232344337651,5.25632911392405,0,0.719467180227893,0,1.31001153754054,0.265651282429064,2.63513513513514,4.87969201154957,0.0194982740353396,0.116899453539462,0.0689873201408114,0.467504352433578,0.0126169001699286,2.40913242009132,3.68779123951538,0.0130678274220462,0.289828552236658,0.207537890702051,0.644291437698603,0.065403081033691,1.84251968503937,1.40768162887552,"withdrawal","morphine",214
385.028181818178,39.1063636363632,74.0699999999992,109.559999999999,180.523636363634,63.9736363636357,190.330909090907,0,1887.49367088607,22.9310126582278,1264.30632911392,7897.69936708859,428.403797468353,705.009493670884,763.665189873416,103.285443037974,87.2929411764711,20.5376470588236,1512.9105882353,12222.0000000001,344.632941176473,1333.5105882353,1512.13588235295,274.798235294119,400.5,32.397,9.37499999999999,30.111,383.937,14.1165,270.2745,0,443.914285714291,12.0241071428573,74.4468750000008,629.46026785715,173.765625000002,35.9383928571432,447.312053571433,17.9879464285716,539.755339805826,88.3383495145633,332.953398058253,1050.24757281554,388.309223300972,233.960679611651,586.213106796118,35.0956310679612,7.24636363636356,3.59727272727269,0.752727272727264,2.09454545454543,11.6072727272726,0.474545454545449,1.74272727272725,6.04556962025315,4.67088607594936,0.797468354430378,2.06012658227848,8.09430379746834,0.535443037974682,5.44556962025315,8.62764705882358,4.25470588235296,0.622941176470592,1.36941176470589,8.54470588235299,0.596470588235297,1.60588235294119,6.32249999999999,3.42,0.719999999999999,1.371,8.83949999999999,0.686999999999999,1.722,4.61517857142862,3.9696428571429,0.578571428571435,1.71562500000002,9.45803571428582,0.433928571428576,1.95535714285716,2.41019417475729,2.60533980582525,0.806796116504856,1.58446601941748,4.29320388349516,0.256310679611651,3.44417475728156,0,0.676067907995619,0.583914169072986,0.94847251676506,0.101567535788407,0.0130779152557246,0.160085395803056,0.089267704543023,0.560983796497736,0.0121489216159665,1.73292682926829,1.48640167364017,0.0224839007768056,0.123785844234601,0.109107395535534,0.227911357172616,0.23527271257025,2.00829531314807,5.32087912087912,0,0.311348012354289,0.468815383082594,1.42054466847594,0.0808913857677903,2.58464912280702,5.13327526132404,0.0285767781496478,0.118270967687028,0.0570939814509454,0.388466225340052,0.0270865514578104,2.38259109311741,4.83698630136986,0.0334165314696951,0.317023725335219,0.222767170015392,0.662402834053357,0.163663687970817,1.64784795975405,1.24651162790698,"withdrawal","morphine",457
342.987735849066,45.8716981132088,60.0028301886808,107.835849056607,202.887735849062,91.160377358493,258.568867924535,16.3500000000004,980.556818181827,20.1647727272729,1216.11136363638,5803.89886363642,478.402840909095,669.26761363637,837.957954545462,85.975568181819,43.2385321100921,24.5504587155965,1565.01055045873,5872.91284403674,172.190366972478,701.570642201841,127.186238532111,141.126605504588,342.374193548392,39.6580645161296,10.7000000000002,35.2306451612908,265.541935483875,5.02741935483878,215.679032258068,0,460.98375,4.393125,51.56625,541.5740625,210.2709375,37.7653125,710.659687499999,13.8525,548.18035714286,51.6482142857145,476.592857142859,1312.81964285715,370.182142857144,328.791071428573,597.469642857145,33.6053571428573,5.95471698113223,3.03679245283027,0.701886792452849,2.28679245283025,11.4226415094343,0.43867924528303,1.48301886792457,5.18693181818187,3.97500000000004,0.675000000000006,2.02159090909093,7.2051136363637,0.422727272727277,4.92102272727277,6.15137614678904,3.07155963302755,0.583486238532115,1.07064220183487,6.23532110091748,0.485779816513765,1.38302752293579,6.43225806451622,3.72580645161296,0.712903225806462,1.85645161290325,10.4854838709679,0.753225806451624,1.80806451612906,4.2515625,3.9609375,0.553124999999999,2.0596875,9.29437499999999,0.421875,1.7971875,2.29642857142858,2.6732142857143,0.967857142857147,2.03035714285715,4.78750000000002,0.255357142857144,3.10357142857144,0.151619337567582,0.556427484121569,0.845362448165451,0.784656472674336,0.13374151119326,0.0148134159815375,0.209533520864012,0.115313452105374,0.570915089849105,0.0205646142613775,1.81260720411664,1.46414963630066,0.0240300868159291,0.266479444190597,0.119458718498471,1.35384432278029,0.567791215786124,2.03001792114695,4.50845771144279,0,0.303712859955134,0.142700178546903,1.23119031416158,0.115832516770935,2.81428571428571,5.7992863514719,0.0255782190455253,0.0952155089591278,0.069732498498301,0.295881335607629,0.00952989123803171,2.34650887573964,5.1716223265519,0.0255978475990201,0.363029955969907,0.250446489902459,0.619583182648252,0.0942175574384082,1.79091516366065,1.54257767548907,"withdrawal","morphine",1064
287.624999999994,35.408823529411,60.1279411764694,80.0117647058807,214.568382352937,96.6705882352921,217.788970588231,7.08749999999985,1217.32317073171,25.7323170731708,1496.52804878049,4203.17926829269,575.625000000001,649.871341463416,656.500609756099,76.8073170731709,67.1776595744676,14.4175531914892,1485.11968085105,11642.8372340425,283.059574468083,1020.38776595744,236.612234042551,300.330319148934,310.99900990099,48.5688118811881,5.8960396039604,24.0905940594059,325.433168316832,9.84059405940594,214.091584158416,0,491.85505617978,8.40842696629222,139.250561797754,930.36404494383,341.796067415734,72.0691011235962,515.789325842702,20.2735955056182,585.171428571442,41.2227272727282,393.001948051957,1231.7298701299,479.298701298713,312.755844155852,704.721428571445,28.285714285715,5.20808823529401,2.77499999999994,0.666176470588222,1.8286764705882,10.4051470588233,0.434558823529403,1.42058823529409,5.23536585365855,4.06280487804879,0.728048780487806,2.19329268292683,7.32073170731709,0.470121951219513,7.28414634146343,7.68510638297866,4.28138297872337,0.576063829787229,1.46489361702126,8.95691489361695,0.62234042553191,1.61968085106382,6.42475247524752,3.74554455445545,0.775247524752475,1.8,10.3707920792079,0.770792079207921,2.01237623762376,4.72415730337084,4.34325842696634,0.630337078651692,2.07134831460676,10.3820224719102,0.460112359550567,3.00168539325846,2.41753246753252,2.79935064935072,1.0305194805195,1.97532467532472,5.0279220779222,0.282467532467539,4.16493506493516,0.088580723423026,0.751488751654168,1.20820467578297,0.985212344653655,0.123107600276095,0.018273623885752,0.356046685914582,0.15461423365066,0.87680802035181,0.0211384435060934,1.80189104007204,1.00502260170768,0.0257952862443871,0.12755650972331,0.0876408168770005,1.1963015167558,0.21461827165186,2.09206112560567,5.53004926108375,0,0.244744467048887,0.408482830898218,1.52006520758905,0.156170310306295,2.76883425852498,5.15350553505535,0.0217910350424625,0.149673197878322,0.0774633343961045,0.662666034930645,0.0170953350192233,2.39037640667443,3.45873104997193,0.0229642188369857,0.319065046308012,0.253915937041348,0.680125056322338,0.0704455570795105,1.79610299234516,1.20720299345182,"withdrawal","morphine",438
278.387704918033,53.3803278688525,89.5647540983607,94.7409836065575,295.514754098361,108.545901639344,200.805737704918,0,781.65,28.1851851851852,1286.48148148148,6242.69259259259,459.22962962963,768.416666666667,812.242592592593,101.572222222222,80.4615789473679,20.3842105263157,1734.50526315788,12526.8410526315,269.387368421051,1296.32842105262,209.291052631578,273.557368421051,289.180263157893,53.2874999999996,9.6651315789473,34.1427631578945,377.267763157892,6.14802631578943,238.31842105263,0,399.866538461541,5.52576923076927,64.9511538461543,765.128076923083,255.943846153848,40.7630769230772,687.591923076928,30.6173076923079,571.91785714286,40.8339285714287,440.153571428573,1172.60535714286,493.760714285716,325.128571428573,563.433928571431,13.4767857142858,6.00245901639345,3.31967213114754,0.801639344262296,2.23032786885246,11.6336065573771,0.513934426229509,1.65983606557377,5.32777777777778,4.67777777777778,0.674074074074074,2.08518518518519,8.02407407407408,0.52962962962963,5.59074074074074,7.788947368421,4.37684210526313,0.611052631578943,1.45421052631578,9.17526315789467,0.659999999999995,1.6357894736842,6.42236842105259,3.96710526315787,0.791447368421047,1.71513157894736,10.0460526315789,0.805263157894731,2.08815789473683,4.77461538461542,4.30961538461542,0.656538461538466,1.91653846153848,10.1157692307693,0.483461538461542,2.24653846153848,2.49107142857144,2.81785714285716,0.941071428571433,1.85357142857144,4.82321428571431,0.25357142857143,4.07142857142859,0,0.945364410299003,1.14571220930233,1.47164497128372,0.191748151681374,0.016270578875331,0.206077980358665,0.123090582351988,0.565384817070251,0.0360585750466132,1.715360253365,1.43524345809871,0.021837697730154,0.138463101421209,0.103484063987569,1.28714230748919,0.253340921132675,2.09632034632035,5.60907335907336,0,0.283079946817735,0.180068212035378,1.58304071288965,0.184270874568312,2.53233830845771,4.8109640831758,0.0400159249356443,0.084889256851417,0.0532761483371562,0.372232188255668,0.0138190338507175,2.34725568942436,4.50282485875706,0.0114930275835708,0.375363773282632,0.277270242241407,0.876341819772251,0.0713982402567801,1.71166032953105,1.18464912280702,"withdrawal","morphine",487
376.977692307695,40.8784615384618,82.8230769230776,136.24153846154,179.41153846154,111.297692307693,179.38153846154,10.5438461538462,1895.50271739133,17.9233695652176,783.829891304358,3756.07173913049,528.353804347833,437.070652173919,753.008152173923,78.6782608695663,63.0704081632651,23.8683673469387,1882.28571428571,10624.856632653,294.873979591836,1018.52602040816,236.553061224489,234.20969387755,343.944886363631,67.8204545454535,16.5767045454543,29.3062499999995,359.007954545449,8.81761363636349,231.022159090905,0,481.208076923081,5.20615384615389,116.464615384616,1105.96153846155,285.306923076925,71.3434615384621,607.656923076928,24.5538461538463,568.190322580654,53.598387096775,337.850000000005,1140.84516129034,445.659677419361,252.453225806455,647.929032258074,38.9338709677425,6.05307692307697,3.23307692307695,0.85384615384616,2.2846153846154,12.0715384615386,0.482307692307696,1.51615384615386,4.57826086956528,3.70923913043483,0.652173913043487,2.05271739130438,6.49565217391313,0.353804347826092,7.27826086956532,7.83673469387753,4.25510204081631,0.619897959183672,1.48469387755102,9.01683673469385,0.619897959183672,1.66224489795918,5.47499999999991,3.3732954545454,0.75681818181817,1.64147727272725,8.98977272727258,0.661363636363626,1.83920454545452,4.91076923076927,4.06153846153849,0.65538461538462,1.99846153846155,10.0973076923078,0.452307692307696,2.39653846153848,2.24838709677423,2.62903225806455,0.893548387096787,1.80483870967745,4.68064516129039,0.240322580645165,3.89677419354844,0.0773908330227989,0.607913547206884,0.816914529624987,1.00016724129059,0.108437348873939,0.0209469537149415,0.208683418673417,0.116363765798334,0.701657482488714,0.00945573403866417,1.75120879120879,0.89247311827957,0.0220435627486738,0.177158692993649,0.0958625660206988,1.24654476279214,0.378440033004902,2.11906474820144,5.42449355432781,0,0.565637177921247,0.300878264409934,1.55399791932592,0.197184075804957,2.66498231430015,4.88785912882298,0.0222013562858633,0.105306207616067,0.0645080855503391,0.469519744187636,0.0108189244857294,2.48607954545455,4.21328839672605,0.0341272175127664,0.296140099869367,0.221286143266735,0.687821744715172,0.0943317493570419,1.78036809815951,1.20115894039735,"withdrawal","morphine",621
289.327702702709,22.2202702702707,97.3783783783803,118.234459459462,155.967567567571,127.41283783784,106.923648648651,0,1064.73846153849,19.5115384615389,1665.22692307696,5573.20384615398,445.959615384626,727.159615384633,635.925000000016,83.4788461538482,99.0342391304361,15.5103260869567,2019.7711956522,11358.2510869567,243.225000000003,1417.76739130437,199.75434782609,260.103260869569,302.332835820899,22.1149253731346,22.3835820895525,10.4373134328359,377.899253731347,0,189.552985074629,0,474.465725806453,9.25161290322583,125.837903225807,1358.08790322581,257.850000000001,96.0483870967745,533.42177419355,32.5125000000001,542.636666666673,48.0566666666672,450.246666666672,1193.39666666668,427.773333333338,312.34166666667,546.80833333334,29.3300000000003,6.53513513513527,3.28175675675682,0.679054054054068,2.4790540540541,11.9858108108111,0.472297297297307,1.7148648648649,5.15769230769244,4.08653846153856,0.603846153846169,2.01730769230774,6.86153846153863,0.432692307692318,5.03653846153859,7.75271739130445,4.16086956521745,0.516847826086964,1.48532608695654,8.38206521739142,0.536413043478268,1.5146739130435,6.13656716417917,3.18805970149257,0.638059701492544,1.5582089552239,8.85000000000009,0.729850746268664,1.73283582089554,4.88709677419356,3.99435483870969,0.558870967741937,2.12661290322581,9.94838709677422,0.441532258064517,2.67580645161291,2.5416666666667,2.76500000000003,0.886666666666677,1.97166666666669,4.90166666666672,0.265000000000003,3.87000000000004,0,0.823604039157194,1.07762862384063,1.45868168116931,0.0767996637124742,0.0149786098729291,0.298791676932133,0.130474254209531,0.701277061578984,0.0183251936192348,1.67905882352941,1.36235204276441,0.0228999393373387,0.177824136848992,0.12482268444765,1.21762055568252,0.156615794932583,2.01449843260188,5.53390742734123,0,2.14457314457314,0,1.99363388333117,0.0731476133351106,2.77598314606742,5.10723514211886,0.023939908398252,0.0926581430604817,0.0707232476400347,0.483388591307187,0.0194990120466569,2.49061175045427,3.71790235081374,0.0245769079294674,0.37728165264972,0.261724936386058,0.782309462486855,0.0885614069573871,1.77275467148885,1.26658053402239,"withdrawal","morphine",112
273.204310344837,33.2818965517253,76.9655172413819,56.531896551726,321.561206896563,73.8465517241404,160.308620689661,0,2008.41219512195,18.9329268292683,1238.8262195122,4174.55853658537,580.865853658538,614.253658536586,697.529268292684,53.3469512195123,76.8638297872334,14.1797872340424,1608.76117021275,13573.3723404254,308.551595744678,1676.15265957445,250.254255319147,304.924468085104,308.379545454548,19.9840909090911,14.1613636363638,65.0659090909097,279.84772727273,0,197.540909090911,0,471.166279069771,4.17325581395352,80.6209302325587,702.747674418609,186.472093023257,36.61511627907,444.651162790701,11.232558139535,588.1,68.8277777777778,378.764814814815,1349.27407407407,366.548148148148,341.090740740741,558.840740740741,20.2185185185185,5.88362068965537,2.97155172413803,0.700862068965541,2.08189655172421,9.79396551724171,0.460344827586222,1.60086206896557,5.30670731707318,4.07743902439025,0.664024390243904,2.2079268292683,6.65304878048782,0.384146341463415,7.50914634146343,9.50106382978716,4.95319148936166,0.603191489361697,1.68510638297871,9.86968085106375,0.659042553191484,1.70585106382977,6.27272727272733,3.33409090909094,0.813636363636371,1.40454545454547,8.3022727272728,0.675000000000006,1.80000000000002,4.94302325581399,4.13139534883724,0.64883720930233,2.09302325581397,9.97558139534891,0.444186046511631,2.20348837209304,2.37037037037037,2.77962962962963,0.842592592592593,1.72777777777778,4.57777777777778,0.259259259259259,3.94444444444445,0,1.36145294844229,1.30628116565259,2.00588842641887,0.121820539762777,0.0127790641218671,0.296756221922692,0.147142183575421,0.832747642375353,0.00942681331812899,1.63167339614177,0.88599269183922,0.0224649011636519,0.118523321239881,0.123488298820359,1.23295244411003,0.184479322371699,1.99259020618557,5.78578110383536,0,0.217646442418527,0,1.41665707908604,0.0648035552411064,2.49011588275392,4.61237373737374,0.0159837713427195,0.114722443299805,0.0521027925270078,0.419367154811715,0.0088572888157294,2.41457922882072,4.52717678100264,0.0149847380209935,0.280717477710923,0.252795742017656,0.655908063650281,0.117034140074439,1.64690206528981,1.16056338028169,"withdrawal","morphine",275
251.604098360656,26.8032786885246,59.5008196721312,106.074590163935,168.280327868853,63.9418032786886,176.144262295082,0,1610.74374999998,19.1062499999997,1116.27291666665,5147.49374999993,495.26041666666,682.072916666658,579.577083333326,75.6416666666657,83.6817757009351,18.740186915888,1534.42570093459,11355.740186916,366.033644859815,1415.36915887851,298.668224299067,254.781308411217,249.715909090905,18.5147727272724,9.79431818181802,27.2931818181814,423.755113636357,0,212.647159090906,0,448.874400000002,10.368,117.1596,933.716400000003,245.360400000001,63.0276000000002,409.002000000001,21.7452000000001,587.279411764707,54.0558823529412,349.557352941177,1146.80588235294,553.29411764706,262.801470588236,684.633823529413,26.5602941176471,6.63688524590164,3.40819672131148,0.872950819672132,2.38032786885246,11.8327868852459,0.516393442622951,1.69918032786885,5.90833333333325,4.23124999999994,0.652083333333325,2.2270833333333,7.32708333333324,0.427083333333328,7.63333333333323,8.37196261682248,4.37943925233648,0.532710280373835,1.41448598130842,9.08691588785052,0.644859813084116,1.79018691588786,6.01022727272718,3.19772727272722,0.693749999999989,1.33806818181816,8.34715909090896,0.692045454545443,1.9738636363636,4.26720000000001,3.74520000000001,0.549600000000002,1.91160000000001,8.95680000000003,0.405600000000001,2.73840000000001,2.45441176470589,2.69852941176471,0.848529411764707,1.45,4.53970588235295,0.241176470588236,4.03676470588236,0,0.560933769154091,0.602800380184065,0.955355148536967,0.106529579061562,0.0146948535229725,0.216857556488858,0.132505827067137,0.854520357875894,0.0118617564091123,1.73165928114229,0.959879912663755,0.0224363453387895,0.135123353975864,0.124639093144214,1.22555268716264,0.223945856298058,2.07490396927017,5.07595927956147,0,0.35885585810642,0,1.9927616971135,0.0741433447098976,2.61034115138593,4.22884283246978,0.0232888701537212,0.125476643657539,0.0675018667338391,0.599900244986577,0.0230977752351215,2.39154117270106,3.27081507449606,0.0231602353339454,0.304809522099745,0.229159506968203,0.808160652646004,0.0920445724301991,1.68228882833787,1.12459016393443,"withdrawal","morphine",376
