"mPFC.NA","mPFC.DOPAC","mPFC.DA","mPFC.5_HIAA","mPFC.HVA","mPFC.5_HT","mPFC.3_MT","Nacc.NA","Nacc.DOPAC","Nacc.DA","Nacc.5_HIAA","Nacc.HVA","Nacc.5_HT","Nacc.3_MT","Cpu.NA","Cpu.DOPAC","Cpu.DA","Cpu.5_HIAA","Cpu.HVA","Cpu.5_HT","Cpu.3_MT","Hipp.NA","Hipp.DOPAC","Hipp.DA","Hipp.5_HIAA","Hipp.HVA","Hipp.5_HT","Amyg.NA","Amyg.DOPAC","Amyg.DA","Amyg.5_HIAA","Amyg.HVA","Amyg.5_HT","Amyg.3_MT","VTA.NA","VTA.DOPAC","VTA.DA","VTA.5_HIAA","VTA.HVA","VTA.5_HT","VTA.3_MT","mPFC.Taurine","mPFC.Gln","mPFC.Gly","mPFC.Asp","mPFC.Glu","mPFC.Ala","mPFC.GABA","Nacc.Taurine","Nacc.Gln","Nacc.Gly","Nacc.Asp","Nacc.Glu","Nacc.Ala","Nacc.GABA","Cpu.Taurine","Cpu.Gln","Cpu.Gly","Cpu.Asp","Cpu.Glu","Cpu.Ala","Cpu.GABA","Hipp.Taurine","Hipp.Gln","Hipp.Gly","Hipp.Asp","Hipp.Glu","Hipp.Ala","Hipp.GABA","Amyg.Taurine","Amyg.Gln","Amyg.Gly","Amyg.Asp","Amyg.Glu","Amyg.Ala","Amyg.GABA","VTA.Taurine","VTA.Gln","VTA.Gly","VTA.Asp","VTA.Glu","VTA.Ala","VTA.GABA","yIsolation","yEncounter","yEncounterLength","yUSV"
314.54,97.57,139.025,269.5483333333,107.01,202.165,0,989.2163636364,1509.4454545454,9165.1563636363,520.1181818182,668.66,831.5709090909,195.0727272727,48.9058823529,2846.4658823529,10916.9505882353,344.4070588235,919.4894117647,170.28,304.4917647059,394.2070588235,11.8288235294,12.4535294118,391.1982352941,0,252.9970588235,576.9204705882,224.0357647059,525.0804705882,533.6145882353,45.2287058824,612.3303529412,25.1604705882,681.8135064935,448.4415584416,1373.2690909091,972.5376623377,264.3631168831,945.7698701299,40.2171428571,5.1083333333,2.8816666667,0.6216666667,1.8883333333,9.7066666667,0.43,1.5133333333,5.5527272727,4.84,0.6963636364,1.8363636364,8.5363636364,0.5781818182,5.28,7.8705882353,4.1270588235,0.6494117647,1.4164705882,9.7294117647,0.6517647059,1.96,5.2764705882,2.9047058824,0.6670588235,1.1223529412,7.2970588235,0.6970588235,1.9129411765,3.9995294118,3.7383529412,0.8371764706,1.8211764706,8.4296470588,0.5294117647,3.3035294118,1.9012987013,1.9044155844,0.8898701299,1.5568831169,4.2857142857,0.2493506494,3.1153246753,"Control","Control","None",7
335.0453333333,74.016,49.3386666667,316.744,80.8533333333,142.2186666667,26.368,3950.7585365854,391.5395121951,1792.9082926829,575.1834146341,247.9726829268,688.8468292683,74.2068292683,60.2778082192,899.64,6918.3353424658,354.0147945205,551.1928767123,352.9906849315,314.0087671233,429.8746391753,0,12.821443299,619.7443298969,17.8973195876,346.4783505155,697.6417582418,231.9112087912,712.7076923077,540.5103296703,71.9657142857,593.3301098901,24.8835164835,774.6909090909,474.6781818182,1605.6436363637,640.6163636364,287.7709090909,699.7545454546,69.8109090909,5.224,2.936,0.704,1.864,9.912,0.4826666667,1.68,3.5297560976,3.3307317073,0.6687804878,1.7136585366,6.0570731707,0.3219512195,9.3819512195,6.2695890411,3.5589041096,0.48,1.1539726027,6.7331506849,0.4980821918,2.1846575342,4.7715463918,2.9109278351,0.6593814433,1.1059793814,6.8919587629,0.6531958763,2.0251546392,4.6351648352,4.4294505495,0.6830769231,2.0769230769,10.0892307692,0.5512087912,4.0167032967,2.0090909091,2.5018181818,0.8290909091,1.3745454545,4.3654545455,0.2745454545,4.1454545455,"Control","Control","None",12
400.322,117.628,152.34,316.414,150.52,198.762,22.126,2097.8901265823,660.1321518987,3870.5969620253,632.3878481013,400.1483544304,710.4197468354,162.5453164557,64.5089655172,982.0248275862,8037.8482758621,489.2082758621,690.3255172414,348.4275862069,371.2910344828,360.0415841584,0,11.6102970297,562.262970297,18.8827722772,287.0566336634,565.1152293578,111.7959633028,530.4374311927,424.9618348624,48.4766972477,485.2579816514,25.3948623853,688.86,404.1235714286,1509.2978571429,759.0407142857,227.1921428571,907.5407142857,86.0678571429,5.352,7.676,0.77,2.606,12.338,0.506,1.722,3.8096202532,6.84,0.6486075949,2.2086075949,6.484556962,0.4162025316,6.8658227848,6.6882758621,7.8013793103,0.5586206897,1.44,8.484137931,0.644137931,2.0124137931,4.1607920792,6.1021782178,0.6392079208,1.1287128713,7.3104950495,0.6689108911,1.5588118812,3.8135779817,7.4366972477,0.5768807339,2.0366972477,9.4855045872,0.5031192661,2.7335779817,2.1021428571,5.6592857143,0.8957142857,1.9157142857,4.7721428571,0.315,4.605,"Control","Control","None",4
394.0169491525,72.1627118644,110.8027118644,297.4291525424,90.6386440678,258.1322033898,0,3692.01,727.0666666667,4071.135,557.8766666667,423.3983333333,671.585,125.1016666667,91.0175,900.5925,8301.25,372.59,565.88,425.74625,355.01125,303.564,0,10.7706666667,325.172,29.8226666667,266.944,612.1168141593,111.2463716814,484.3391150442,340.374159292,38.4488495575,535.0332743363,20.7546902655,822.8890140845,493.0901408451,1513.8185915493,814.1915492958,267.4073239437,888.3904225352,61.1492957746,6.746440678,3.7484745763,0.8562711864,2.5362711864,12.5776271186,0.553220339,1.8366101695,5.03,3.7633333333,0.805,2.295,6.745,0.425,8.6133333333,7.9575,4.47625,0.59375,1.545,8.3325,0.5625,2.555,5.1426666667,2.9186666667,0.64,1.256,7.4666666667,0.7,1.6813333333,5.1079646018,4.0736283186,0.6796460177,2.2205309735,10.1851327434,0.5309734513,2.6644247788,2.5994366197,2.9222535211,1.0022535211,1.8456338028,5.1278873239,0.3211267606,4.4923943662,"Control","Control","None",1
270.782,68.028,91.846,196.388,93.872,193.148,0,3368.1938461538,791.8876923077,3826.0276923077,616.2769230769,513.9061538462,679.6415384615,81.1230769231,68.9032258065,985.0296774193,10736.7974193547,386.8464516129,852.2451612903,315.9741935484,296.4219354839,409.83,0,9.2711538462,329.0388461538,9.8676923077,232.4192307692,549.1706896552,131.1279310345,615.7324137931,307.7855172414,55.9934482759,460.774137931,15.4168965517,417.9,51.2941935484,52.4806451613,819.4780645161,87.96,454.0316129032,19.7941935484,4.56,2.994,0.63,1.996,9.898,0.44,1.542,4.1369230769,3.8384615385,0.6938461538,1.9446153846,6.84,0.3784615385,9.0153846154,7.1290322581,4.4451612903,0.4941935484,1.4012903226,8.6993548387,0.5535483871,1.9806451613,4.8080769231,3.0334615385,0.6069230769,1.4192307692,7.755,0.6334615385,1.9015384615,4.2206896552,4.1968965517,0.6289655172,2.0234482759,9.7386206897,0.484137931,3.1644827586,1.4283870968,2.2606451613,0.9987096774,1.4651612903,4.7167741935,0.2129032258,1.6374193548,"Control","Control","None",2
341.1507692308,71.5790769231,124.4363076923,315.0147692308,135.8436923077,201.4652307692,0,2447.8153846154,609.5854945055,3212.8694505495,491.0083516484,387.2465934066,632.7652747253,146.4369230769,87.8226506024,1378.4342168675,7246.1725301204,353.0602409639,730.7869879518,208.7797590361,326.0862650602,261.2988679245,0,9.741509434,642.5739622642,0,236.5267924528,485.8016326531,73.3016326531,319.0053061225,307.6616326531,41.2102040816,487.1314285714,26.3889795918,986.4065454546,459.3010909091,1747.0276363637,513.6654545455,234.8814545455,612.7134545455,84.4014545455,5.3206153846,3.0313846154,0.6516923077,1.8886153846,10.5876923077,0.4726153846,1.8166153846,3.9586813187,3.4602197802,0.7265934066,1.7446153846,5.9142857143,0.4404395604,8.4751648352,7.298313253,4.0077108434,0.5175903614,1.1190361446,7.9503614458,0.6144578313,2.3580722892,4.5350943396,3.2694339623,0.6611320755,1.4298113208,7.7264150943,0.6033962264,2.1701886792,4.6224489796,4.1853061224,0.5804081633,1.7534693878,9.5987755102,0.5142857143,2.8004081633,2.0901818182,2.8647272727,0.8858181818,1.6385454545,4.6734545455,0.312,4.7367272727,"Control","Control","None",0
328.6023529412,72.3458823529,149.8676470588,206.4405882353,125.0894117647,243.7817647059,20.8835294118,2973.5727272727,577.1781818182,1754.92,696.8418181818,379.8218181818,638.42,37.9054545455,90.7506666667,1325.0906666667,12330.696,340.456,1259.736,217.008,334.3986666667,427.4959223301,0,22.0648543689,473.4815533981,12.1293203883,295.6066019417,465.4572631579,107.2572631579,650.6488421053,370.1418947368,45.0012631579,584.0728421053,24.8058947368,822.91,484.39,1631.738,698.944,286.29,824.338,40.336,4.8052941176,3.1429411765,0.6688235294,2.1988235294,10.4064705882,0.4605882353,1.6129411765,3.1854545455,3.1163636364,0.6854545455,2.0672727273,5.3381818182,0.3163636364,9.4854545455,8.052,4.576,0.5373333333,1.5946666667,9.5053333333,0.6133333333,2.22,4.5914563107,3.24,0.6932038835,1.6357281553,8.1448543689,0.6617475728,2.093592233,4.3263157895,3.9018947368,0.6151578947,1.7128421053,9.1932631579,0.4850526316,2.8193684211,2.252,2.972,0.958,1.748,4.868,0.334,4.974,"Control","Control","None",11
449.8933333333,56.1716666667,111.5133333333,290.155,85.415,265.2233333333,0,2802.084375,877.550625,5939.325,531.834375,534.345,726.403125,232.2675,80.3750649351,1221.9163636364,12333.2540259741,373.3823376623,928.1984415585,340.2638961039,459.9490909091,344.16,0,12.7710638298,577.4093617021,10.1438297872,393.8987234043,529.7684210526,158.2757894737,1053.4378947368,497.9410526316,66.4336842105,696.6484210526,67.5368421053,367.027826087,72.42,151.3356521739,868.687826087,103.4556521739,519.6495652174,10.8495652174,6.425,3.78,0.815,2.63,13.2583333333,0.6133333333,2.1983333333,4.681875,3.950625,0.744375,1.57875,7.044375,0.493125,8.056875,8.7350649351,4.9324675325,0.6233766234,1.7937662338,10.401038961,0.7153246753,2.5355844156,5.1165957447,3.2080851064,0.7059574468,1.6327659574,8.2914893617,0.7008510638,2.350212766,4.9347368421,3.9094736842,0.6631578947,1.8715789474,10.0021052632,0.5621052632,3.08,2.0347826087,2.04,1.3069565217,1.7556521739,6.0730434783,0.2947826087,2.3008695652,"Control","Control","None",15
459.9085714286,62.1342857143,113.3442857143,181.9757142857,97.0242857143,177,0,3570.210989011,358.1472527473,1768.3687912088,647.6017582418,224.2931868132,734.4303296703,62.4250549451,135.021509434,940.7354716981,7890.1267924528,514.9743396226,602.2075471698,552.621509434,333.8003773585,322.0674782609,18.528,13.5495652174,424.6893913043,10.2427826087,283.8208695652,533.9024299065,67.2,655.2998130841,450.8063551402,37.628411215,995.5704672897,38.6938317757,647.3926530612,424.8244897959,1750.5183673469,558.1714285714,241.7387755102,720.8497959184,13.5379591837,5.9507142857,3.8528571429,0.885,2.37,12.1735714286,0.5828571429,1.7871428571,3.4668131868,3.6725274725,0.7450549451,2.3498901099,6.8268131868,0.3415384615,8.276043956,6.9803773585,4.3460377358,0.6294339623,1.6403773585,8.4430188679,0.561509434,2.9150943396,4.444173913,2.6692173913,0.5739130435,1.2031304348,7.195826087,0.6406956522,1.603826087,4.5263551402,3.9465420561,0.6628037383,2.0041121495,10.0979439252,0.5170093458,2.3428037383,2.28,2.8506122449,0.8840816327,1.7167346939,4.6481632653,0.3330612245,3.707755102,"Isolation","Control","None",1
389.4410526316,77.4552631579,134.2642105263,283.7557894737,132.36,310.6973684211,20.4205263158,4036.4268493151,535.3134246575,3116.2947945206,592.6273972603,353.3589041096,618.7430136986,101.9424657534,58.515483871,1231.3219354839,11771.730967742,508.2890322581,986.3729032258,380.0090322581,380.1561290323,396.2412,18.5724,7.3296,425.0268,9.57,285.0708,638.8668292683,127.0141463415,1076.743902439,586.816097561,64.8936585366,817.8307317073,43.2351219512,726.9129411765,399.2776470588,1583.2235294118,533.8964705882,233.9835294118,729.3388235294,73.8352941176,5.4521052632,3.0947368421,0.6963157895,2.1205263158,10.5631578947,0.4626315789,1.7336842105,3.7019178082,3.402739726,0.6706849315,1.7556164384,6.6295890411,0.3583561644,7.7243835616,8.3593548387,4.6219354839,0.8380645161,1.7148387097,9.764516129,0.7103225806,2.0941935484,5.2536,3.0192,0.69,1.4256,7.8756,0.7008,2.0004,4.352195122,4.1517073171,0.5882926829,1.952195122,9.3848780488,0.4668292683,4.3185365854,1.9035294118,2.2964705882,0.8023529412,1.5129411765,4.12,0.2752941176,3.7576470588,"Isolation","Control","None",5
336.7165217391,78.9739130435,160.867826087,227.8852173913,131.92,239.08,0,1832.6509090909,1082.0745454546,5146.2127272728,511.0963636364,545.2127272727,583.5109090909,113.2436363636,67.0301123596,1676.6238202247,9418.0988764046,355.8350561798,916.9321348315,251.993258427,260.6453932584,342.2335135135,27.4783783784,51.1637837838,455.6627027027,23.7016216216,209.8816216216,680.2261538462,197.46,965.4153846154,501.9384615385,77.2323076923,548.4015384615,20.8553846154,618.2244444444,459.62,1369.0444444445,600.3733333333,266.4866666667,691.6155555556,17.6444444444,6.107826087,3.6486956522,0.7217391304,2.5286956522,11.2939130435,0.4695652174,1.5791304348,4.9163636364,4.0890909091,0.6909090909,2.1,6.8709090909,0.4163636364,7.2254545455,7.5262921348,4.2728089888,0.6202247191,1.4966292135,8.0143820225,0.517752809,1.7865168539,5.4908108108,3.1443243243,0.6762162162,1.4935135135,7.5243243243,0.7005405405,1.8291891892,4.1461538462,3.7707692308,0.6015384615,1.8969230769,8.1,0.4276923077,3.6353846154,2.1977777778,2.5577777778,0.7844444444,1.4911111111,3.92,0.2844444444,3.3444444444,"Isolation","Control","None",1
336.2347826087,66.1434782609,70.5913043478,338.4469565217,102.8739130435,134.6086956522,24.9391304348,1070.2643478261,1082.1095652174,6959.5582608696,462.9756521739,591.4452173913,563.3373913043,248.612173913,75.7631460674,1254.1442696629,11650.8930337078,331.1986516854,950.1168539326,254.6764044944,485.0629213483,324.7549090909,23.2429090909,22.9756363636,496.3669090909,10.2283636364,250.6701818182,587.76,158.0283333333,1202.1066666667,518.7283333333,74.9983333333,693.6233333333,68.6883333333,549.2876470588,397.3605882353,1283.5094117647,286.6817647059,198.7111764706,408.9705882353,49.6835294118,5.6008695652,3.7408695652,0.8713043478,2.2460869565,11.4913043478,0.5269565217,1.7243478261,4.692173913,4.4956521739,0.6956521739,1.8852173913,7.4347826087,0.4939130435,4.48,7.6382022472,4.7191011236,0.6417977528,1.5964044944,9.0323595506,0.5797752809,1.9240449438,4.4727272727,3.2509090909,0.7134545455,1.4912727273,7.8327272727,0.624,1.7858181818,4.94,4.5966666667,0.7533333333,2.1733333333,10.5083333333,0.54,3.0283333333,1.9905882353,2.4864705882,0.7270588235,1.4858823529,3.7605882353,0.3,3.4905882353,"Isolation","Control","None",29
415.02375,58.861875,147.234375,213.568125,91.8075,264.699375,18.2625,3432.8311764706,613.1364705882,1945.5335294118,463.4788235294,203.9841176471,777.7270588235,37.6782352941,79.8957446809,1039.2472340426,10536.9446808511,445.630212766,780.7378723404,401.4663829787,384.665106383,329.804,19.752,16.2773333333,493.4013333333,25.5506666667,309.4226666667,562.3969230769,73.9446153846,659.0569230769,413.9384615385,38.5030769231,953.9153846154,25.9661538462,675.552,433.6128,1565.0256,388.9752,230.2992,516.4344,59.88,6.68625,4.250625,0.856875,2.46375,13.02,0.6075,2.079375,3.5823529412,3.63,0.7323529412,1.9394117647,6.7023529412,0.3829411765,9.5382352941,7.4361702128,4.3480851064,0.6038297872,1.4323404255,8.7331914894,0.6280851064,2.029787234,4.7266666667,3.152,0.7133333333,1.336,7.5826666667,0.6613333333,2.0146666667,4.4907692308,4.1923076923,0.7276923077,1.9384615385,9.8738461538,0.5492307692,3.3353846154,2.1888,2.7,0.816,1.548,4.5144,0.2952,4.488,"Isolation","Control","None",18
336.9655384615,58.8756923077,125.9575384615,251.4166153846,132.2067692308,217.1206153846,0,3144.06,718.1327272727,4837.4436363636,627.0763636364,486.1327272727,739.2545454545,137.5127272727,76.3690909091,1055.1913636364,12099.8986363636,419.9372727273,892.815,343.8490909091,415.1440909091,408.0864864865,16.7708108108,90.56,467.8194594595,18.107027027,290.8659459459,614.7109090909,108.4513636364,1097.8854545455,413.5677272727,62.6563636364,818.6495454546,45.6436363636,832.7408,434.92,1587.3632,619.496,260.0448,701.08,54.3808,5.688,3.4947692308,0.7716923077,2.1987692308,11.4424615385,0.5224615385,1.8443076923,4.2381818182,3.7854545455,0.6581818182,1.9163636364,6.5690909091,0.3781818182,8.5509090909,7.7127272727,4.6595454545,0.5890909091,1.5109090909,8.9972727273,0.5768181818,2.1559090909,4.8291891892,3.0583783784,0.5945945946,1.3437837838,7.4194594595,0.6281081081,1.892972973,3.9136363636,3.5713636364,0.495,1.5913636364,8.2159090909,0.4022727273,2.865,1.9184,2.5936,0.8224,1.5328,4.32,0.2592,4.1232,"Isolation","Control","None",70
255.3620338983,88.7613559322,65.5749152542,305.4691525424,93.3701694915,117.2522033898,0,845.5898507463,2168.0417910448,5960.9391044776,584.1331343284,670.6101492537,467.9498507463,167.3014925373,60.812195122,2188.8219512195,7780.7590243903,374.2346341463,841.1019512195,217.1092682927,326.9502439024,237.9302857143,19.2697142857,8.728,567.4411428571,18.5771428571,287.7097142857,487.8185915493,343.4112676056,584.9729577465,720.4985915493,85.3774647887,376.5718309859,37.9166197183,438.9338461539,399.7338461539,839.2953846154,555.8923076923,196.3261538462,413.9784615385,68.6892307692,4.7186440678,3.4413559322,0.8074576271,1.7877966102,9.9722033898,0.526779661,1.6311864407,4.68,5.3695522388,0.8471641791,1.8591044776,8.0937313433,0.6698507463,4.5886567164,6.4697560976,4.3917073171,0.6014634146,1.3317073171,7.6770731707,0.6073170732,1.6112195122,3.8297142857,3.288,0.7611428571,1.2948571429,7.0811428571,0.5782857143,1.6377142857,4.3250704225,4.6309859155,0.7014084507,1.8878873239,9.7233802817,0.5256338028,3.4884507042,1.7230769231,2.4969230769,0.7107692308,1.2538461538,3.3984615385,0.2846153846,2.5523076923,"Isolation","Control","None",139
267.8057142857,112.275,62.8414285714,300.2292857143,102.3364285714,87.0342857143,0,2368.761,1307.178,1762.5435,809.802,386.229,427.71,60.873,84.4551219512,2292.1170731707,7576.3302439025,381.6029268293,815.6795121951,224.5214634146,297.4609756098,218.1364705882,21.5964705882,6.2376470588,423.8305882353,13.2952941176,126.5976470588,294.7242352941,394.7562352941,913.9454117647,546.4715294118,111.3797647059,417.5534117647,45.2936470588,460.3913043478,384.88,778.7408695652,313.1026086957,202.2382608696,295.9634782609,52.3982608696,5.3785714286,2.97,0.9514285714,1.7078571429,9.9771428571,0.5892857143,1.6692857143,3.786,3.6465,0.783,2.1585,5.964,0.4125,6.984,7.9624390244,4.8863414634,0.7390243902,1.6126829268,9.4697560976,0.7448780488,2.0619512195,5.4117647059,3.2047058824,0.7117647059,1.4905882353,8.2082352941,0.7364705882,1.9247058824,3.9967058824,3.4305882353,0.6014117647,1.5303529412,7.752,0.4404705882,2.3590588235,1.9165217391,2.2660869565,0.8173913043,1.4956521739,3.7652173913,0.2852173913,2.7791304348,"Isolation","Control","None",22
261.679245283,75.8649056604,54.7630188679,270.0724528302,76.7275471698,210.7539622642,0,1746.9573913043,2377.6747826087,7229.5304347825,615.8869565217,931.4530434783,633.952173913,167.392173913,0,1599.5684210526,13316.5789473681,500.9389473684,1444.6821052631,361.1852631579,379.6947368421,388.9381818182,17.9454545455,9.8545454545,329.6581818182,22.7236363636,102.0363636364,703.196043956,285.1173626374,1905.2162637363,631.5375824176,170.8694505495,833.1217582418,54.6857142857,1004.769,726.429,2056.635,697.041,366.369,807.708,55.893,5.6490566038,3.1358490566,0.7698113208,1.9788679245,11.3026415094,0.5230188679,1.6664150943,7.1269565217,6.292173913,1.0591304348,2.76,11.9008695652,0.772173913,7.987826087,11.0442105263,5.3136842105,0.9094736842,1.8252631579,12.1705263158,0.9157894737,2.6652631579,6.5818181818,3.5709090909,1.1490909091,1.6654545455,9.7090909091,0.9563636364,3.28,6.0896703297,5.0505494505,0.8848351648,2.5661538462,12.6026373626,0.6474725275,5.4712087912,2.55,3.174,1.338,2.28,6.279,0.372,7.056,"Control","Encounter","Short",226
388.2137704918,57.5744262295,87.3718032787,172.182295082,90.7062295082,191.0380327869,0,393.2006557377,1637.8760655738,8063.5357377051,376.6681967213,955.4124590164,421.1881967213,194.5101639344,0,1210.1709090909,10884.9806060607,304.4715151515,1027.5272727273,241.3163636364,290.1721212121,422.9389830508,8.7661016949,20.4752542373,294.6183050847,13.5050847458,217.4949152542,655.5952,241.8784,1823.0912,646.784,136.8272,851.7328,51.1632,434.544,11.649,57.936,506.457,39.252,322.926,0,6.5744262295,3.7140983607,0.8891803279,2.0931147541,12.6924590164,0.5567213115,1.7370491803,7.0445901639,6.393442623,0.9875409836,2.3055737705,11.5731147541,0.8360655738,3.017704918,7.88,4.2375757576,0.6278787879,1.456969697,9.1321212121,0.6545454545,1.7903030303,6.6101694915,3.5145762712,0.8196610169,1.6820338983,10.033220339,0.8074576271,2.1538983051,5.688,5.0176,0.744,2.5616,11.8352,0.592,4.272,1.44,2.103,1.029,1.779,5.553,0.303,0.804,"Control","Encounter","Short",159.5
367.0347540984,69.0531147541,112.0308196721,241.8806557377,100.3613114754,214.7862295082,0,784.3313207547,2026.4626415094,10243.9494339623,565.7728301887,1272.1698113208,609.0135849057,216.1132075472,0,1385.2735483871,12681.477419355,305.6670967742,1205.0077419355,194.4090322581,351.9187096774,401.1336986301,6.2087671233,26.0317808219,358.4712328767,19.2197260274,222.3484931507,631.9784210526,200.0036842105,1439.5215789474,570.2794736842,121.8963157895,870.27,40.7715789474,998.4685714286,708.8468571428,2089.6594285714,815.7874285714,376.92,924.4902857143,52.9405714286,6.5331147541,3.9009836066,0.9127868852,2.2937704918,13.2314754098,0.6216393443,1.7744262295,8.6988679245,7.3381132075,1.2090566038,2.9750943396,14.0105660377,1.000754717,5.9388679245,8.6890322581,4.2916129032,0.6683870968,1.5625806452,9.9496774194,0.7238709677,2.0361290323,7.0832876712,4.1506849315,1.242739726,2.0367123288,11.4805479452,0.9698630137,2.5282191781,6.2778947368,5.2042105263,0.7973684211,2.7315789474,13.3405263158,0.6457894737,4.2994736842,2.232,2.9074285714,1.2788571429,2.16,5.7462857143,0.3017142857,5.1188571429,"Control","Encounter","Short",159.5
431.031,81.834,155.736,404.85,117.585,365.76,0,807.9268085106,1926.4774468085,8831.6910638297,536.3387234043,957.96,584.88,174.8859574468,0,1478.3140909091,12924.405,381.1404545455,1272.0068181818,254.9740909091,313.9922727273,359.585,6.7516666667,16.92,279.165,0,181.8466666667,518.2428,394.0608,862.8072,716.2728,98.6928,578.238,24.48,1234.86,720.8685714286,2013.0971428572,955.5857142857,429.2342857143,990.0914285714,41.9228571429,7.65,4.704,1.206,2.757,15.66,0.732,2.175,7.2944680851,6.4953191489,1.0544680851,2.7063829787,12.1838297872,0.845106383,5.394893617,7.995,4.0363636364,0.6381818182,1.5068181818,9.3368181818,0.6436363636,1.9227272727,6.12,3.635,0.9283333333,1.805,9.6983333333,0.8033333333,2.3866666667,5.6052,4.9992,0.816,2.5944,12.1752,0.606,3.8412,2.5371428571,3.3114285714,1.4514285714,2.6942857143,6.9,0.3228571429,4.02,"Control","Encounter","Short",114
346.966779661,47.0013559322,76.7247457627,234.4393220339,89.4833898305,190.9769491525,60.4759322034,595.126,1971.288,9622.644,533.278,1208.972,604.9,220.798,0,1799.2828915663,16009.6857831326,459.8602409639,1796.0530120482,268.7277108434,427.7493975904,408.6728571429,7.065,22.965,439.5364285714,0,229.4978571429,881.6575609756,142.5629268293,823.0448780488,724.1912195122,104.8858536585,902.803902439,0,3395.4900000001,2013.47,6339.8200000001,3483.5300000001,1309.66,3704.1300000001,105.22,5.2759322034,3.2461016949,0.7484745763,2.0786440678,11.2128813559,0.5023728814,1.5742372881,7.418,6.852,0.942,2.756,12.57,0.866,5.474,10.5787951807,5.6544578313,0.7980722892,2.0443373494,12.753253012,0.9209638554,2.618313253,6.4221428571,3.8142857143,0.8978571429,1.8128571429,10.2085714286,0.8635714286,2.4728571429,6.2868292683,6.0907317073,0.8809756098,3.12,15.1463414634,0.7141463415,4.5834146341,6.46,9.47,3.68,7.21,19.15,0.82,12.64,"Control","Encounter","Short",114
502.2891428572,71.3177142857,139.2205714286,335.3074285714,110.6914285714,352.7862857143,0,784.9546666667,2348.8800000001,11270.4613333337,530.656,1173.0533333334,770.5066666667,246.624,0,3135.62625,23827.1025000001,625.61625,2177.02125,374.355,672.25125,629.7844444445,13.9044444444,31.5977777778,544.4644444445,17.7533333333,279.2111111111,707.2523076923,262.1749450549,1794.8294505495,507.2769230769,147.3573626374,673.0404395604,55.712967033,937.2046153846,649.7930769231,1739.0676923077,990.7430769231,351.3115384615,1052.0653846154,44.0907692308,7.2342857143,4.4777142857,1.0697142857,2.7908571429,15.2811428571,0.72,2.1325714286,8.568,8.0906666667,1.056,3.0773333333,14.16,1.0426666667,6.2533333333,30.19875,10.02,1.4175,3.6,22.2675,1.57875,4.42125,9.3333333333,5.5022222222,1.4511111111,2.6755555556,14.9311111111,1.3555555556,3.6577777778,12.2215384615,10.6681318681,1.5375824176,5.5727472527,26.0017582418,1.3635164835,9.4523076923,3.6,4.0361538462,1.38,2.6538461538,7.4192307692,0.4430769231,6.18,"Control","Encounter","Short",113.5
439.7190697674,63.24,106.9311627907,346.7748837209,108.343255814,338.408372093,0,730.5825,3260.7975,13928.3287500001,912.15375,1867.32375,1026.02625,448.4775,0,1328.4945882353,10789.3157647058,265.2381176471,979.1025882353,185.3590588235,329.5891764706,395.562,9.7305,21.561,406.5855,15.627,244.9245,647.442,188.826,919.9335,523.809,108.3405,557.499,32.2785,1077.7542857143,654.0792857143,2034.1971428571,751.9564285714,374.3292857143,754.6157142857,71.7042857143,7.7693023256,4.4706976744,1.0325581395,3.3013953488,16.0995348837,0.6669767442,2.2772093023,11.22375,8.87625,1.485,3.73125,17.3025,1.32,6.345,7.9355294118,3.888,0.5971764706,1.4103529412,9.2018823529,0.6621176471,2.0922352941,6.1215,3.5625,0.867,1.8735,9.942,0.795,2.391,5.907,5.049,0.768,2.73,13.029,0.6285,4.209,2.4107142857,2.9764285714,1.2021428571,2.2928571429,6.0921428571,0.2957142857,4.545,"Control","Encounter","Short",113.5
355.6270588235,90.7111764706,92.2676470588,190.4258823529,107.4282352941,214.0023529412,0,2856.5606557377,985.0445901639,4602.7062295082,571.5245901639,489.7160655738,765.3068852459,95.1481967213,0,1121.4941935484,9491.1858064516,324.4787096774,717.8890322581,330.3316129032,258.2916129032,402.824,11.03,17.948,313.388,15.434,246.87,523.967027027,148.7481081081,1016.8556756757,389.9286486486,62.7145945946,739.7497297297,24.4897297297,3102.2480000001,1669.6640000001,5260.7440000002,2849.2160000001,879.248,3191.2480000001,118.968,4.6305882353,3.0935294118,0.7252941176,1.4417647059,9.4747058824,0.4623529412,1.3288235294,5.2131147541,4.6131147541,0.753442623,2.2249180328,8.297704918,0.4740983607,8.8229508197,8.344516129,5.2503225806,0.7187096774,1.4709677419,10.0348387097,0.7393548387,2.3135483871,6.1,3.92,0.896,1.37,9.384,0.846,2.374,11.5459459459,11.5102702703,1.6118918919,3.7654054054,24.8724324324,1.3102702703,6.7556756757,5.264,8.344,3.256,5.176,16.408,0.744,9.944,"Isolation","Encounter","Short",1012.5
496.0069565217,82.2,136.0486956522,247.792173913,114.4747826087,342.4017391304,0,2503.0023529411,1775.8352941176,10909.8611764704,550.4211764706,944.1058823529,806.0423529412,215.7364705882,0,1521.5314285715,14131.0438095241,353.9161904762,1009.8228571429,255.4476190476,344.3180952381,473.3081481481,20.7318518519,31.1985185185,667.5940740741,19.6133333333,419.8325925926,844.6684615385,135.8238461538,702.2376923077,565.2784615385,53.9446153846,1176.5053846154,0,791.9685,499.221,1129.9455,687.981,257.283,666.486,29.1915,6.4591304348,4.3173913043,0.9391304348,2.152173913,13.3408695652,0.652173913,1.7530434783,6.88,6.6258823529,0.8988235294,2.6211764706,11.2188235294,0.7223529412,6.2894117647,10.3695238095,5.820952381,0.7085714286,1.7942857143,11.6247619048,0.8685714286,2.0133333333,5.7111111111,4.3007407407,0.9125925926,1.797037037,10.1125925926,0.7955555556,2.277037037,6.9738461538,6.9738461538,1.0315384615,2.9215384615,16.1076923077,0.7869230769,3.7246153846,2.7105,3.348,1.2825,2.2305,6.078,0.36,3.9135,"Isolation","Encounter","Short",1012.5
274.5648,73.3888,90.5952,185.416,68.4224,192.6464,0,1231.1488,981.032,5090.304,446.848,585.304,521.3056,144.2032,0,1422.5918644068,13180.3505084745,373.633220339,1070.8901694915,210.3091525424,361.7816949153,357.8105263158,17.2968421053,17.2947368421,268.2526315789,10.1368421053,187.1115789474,476.5716129032,113.6580645161,815.9961290323,373.4374193548,66.2941935484,719.7496774194,28.3148387097,1227.05,632.855,1949.365,1257.19,398.99,1328.82,54.215,4.3856,3.0464,0.7024,1.6016,9.104,0.4768,1.1344,4.5312,4.2896,0.7024,2.1424,7.016,0.4416,5.048,10.1857627119,6.0711864407,0.8257627119,1.7938983051,11.7518644068,0.8501694915,1.8996610169,5.32,3.3557894737,0.8484210526,1.3747368421,8.0231578947,0.7473684211,1.9221052632,4.8503225806,4.855483871,0.7212903226,2.04,10.9406451613,0.5109677419,2.2516129032,2.095,3.36,1.4825,2.6075,6.81,0.335,3.46,"Isolation","Encounter","Short",577
375.5616,91.6272,117.7752,229.6752,124.0872,182.7552,0,1982.7221052631,1373.5115789474,4879.4168421052,465.4863157895,575.5831578947,539.8715789474,89.2210526316,0,1233.96,10731.7164179104,355.7695522388,963.5068656716,258.8220895522,268.56,306.3469090909,13.1214545455,11.2778181818,429.2836363636,12.9207272727,291.6589090909,602.0787692308,118.4769230769,574.8110769231,532.9901538462,54.624,1006.6707692308,0,1216.0157142857,633.5914285714,1393.9071428571,1255.7485714286,450.0771428571,1171.83,61.9114285714,5.9664,3.9312,0.8496,2.1648,12.0864,0.5904,1.8072,4.8968421053,4.9473684211,0.9431578947,2.3473684211,8.2252631579,0.5684210526,7.1663157895,7.8358208955,4.3074626866,0.6107462687,1.4041791045,8.5182089552,0.6537313433,1.7211940299,4.9483636364,3.5956363636,0.888,1.5992727273,8.6116363636,0.7330909091,1.9418181818,5.928,7.1224615385,0.9673846154,3.0461538462,14.6750769231,0.7643076923,4.4012307692,2.5114285714,4.1185714286,1.92,3.18,8.4857142857,0.4285714286,3.48,"Isolation","Encounter","Short",577
287.144,34.6096,64.6,169.8192,54.2848,201.296,0,475.7194285714,1624.6388571429,9471.6462857143,395.2594285714,945.7662857143,541.2788571429,247.4691428571,0,1147.4897142857,10844.3297142859,260.3297142857,902.6691428572,173.7445714286,312.7251428571,329.952631579,5.4126315789,20.4315789474,293.7394736842,0,185.1852631579,523.4892307692,74.7846153846,515.3830769231,284.3953846154,45.3046153846,704.0246153846,20.7446153846,875.312,594.73,1866.9,622.144,349.698,925.06,71.116,4.1248,2.8688,0.592,1.4016,8.672,0.4256,1.136,5.4925714286,5.4617142857,0.7817142857,1.7537142857,9.0942857143,0.7097142857,2.82,8.3417142857,4.6097142857,0.6497142857,1.3697142857,9.276,0.6634285714,1.692,5.7205263158,3.3505263158,0.7689473684,1.4005263158,8.8026315789,0.7894736842,1.7384210526,4.56,4.3461538462,0.6507692308,1.4276923077,9.5415384615,0.5030769231,2.1646153846,2.524,3.448,1.13,1.992,5.536,0.36,4.518,"Isolation","Encounter","Short",773.5
485.5517647059,91.8811764706,124.3129411765,277.9482352941,117.1094117647,271.4047058824,0,987.2352631579,1355.3936842105,6383.61,467.1947368421,652.4131578947,556.5157894737,176.6478947368,0,1194.5284848485,11834.044848485,319.8351515152,934.1806060606,243.023030303,385.68,331.3294736842,8.4410526316,11.1915789474,387.5636842105,17.88,229.5110526316,658.4346067416,82.6274157303,511.446741573,377.9042696629,49.6031460674,775.4804494382,20.8813483146,736.3098305085,531.1627118644,1635.0630508475,544.9525423729,277.5681355932,751.6047457627,56.1030508475,7.8564705882,6.1235294118,1.1470588235,3.0105882353,18.0141176471,0.8823529412,2.6470588235,5.3115789474,5.8768421053,0.8210526316,2.1821052632,9.5605263158,0.6331578947,6.9015789474,8.5393939394,5.7454545455,0.6957575758,1.6436363636,10.7442424242,0.7939393939,2.3466666667,6.1184210526,4.4494736842,0.9078947368,1.6594736842,10.6263157895,0.9015789474,2.4457894737,5.2206741573,6.1294382022,0.8116853933,2.4593258427,13.7703370787,0.6620224719,3.3950561798,1.9810169492,3.1423728814,0.9559322034,1.5925423729,4.6352542373,0.313220339,4.8183050847,"Isolation","Encounter","Short",773.5
405.58,51.0657142857,89.0714285714,236.2342857143,87.9885714286,260.1914285714,0,4187.5418181818,430.9490909091,1767.8527272727,511.1418181818,309.1818181818,563.1018181818,54.2818181818,0,1072.861875,8944.9293750001,366.735,792.706875,329.660625,299.7975,390.425625,23.745,10.08,669.85125,12.871875,308.776875,519.5726582278,87.8263291139,522.4769620253,415.1088607595,48.4465822785,760.0906329114,0,1033.56,634.7186440678,2030.5749152542,1046.739661017,372.3457627119,1328.4081355932,42.9579661017,6.3342857143,3.9542857143,0.9371428571,2.3457142857,12.9228571429,0.6228571429,1.7485714286,3.7436363636,3.3527272727,0.7309090909,2.0145454545,6.2345454545,0.3090909091,8.7454545455,7.738125,4.09125,0.654375,1.408125,8.4675,0.646875,1.9725,5.401875,3.680625,0.976875,1.606875,8.86125,0.770625,2.086875,5.1918987342,4.7149367089,0.7184810127,2.2389873418,11.6886075949,0.5605063291,2.8040506329,2.7172881356,3.48,1.3952542373,2.2149152542,6.2237288136,0.3661016949,6.0101694915,"Isolation","Encounter","Short",878
519.2472727273,86.7345454545,115.8836363636,300.9527272727,119.1781818182,302.6290909091,0,3169.3588235295,587.8305882353,2747.4617647059,487.8194117647,435.0776470588,617.9717647059,92.6347058824,0,1469.7436363636,12701.3163636363,448.58,1291.5581818182,398.3181818182,435.62,394.7695522388,7.9665671642,14.6489552239,346.9665671642,9.3170149254,202.391641791,693.372,99.771,707.2005,383.46,62.3955,852.036,0,1033.128,553.7021538462,1904.1470769231,556.3089230769,345.0849230769,815.8024615385,39.9396923077,7.2072727273,4.7672727273,1.0909090909,2.7709090909,15.1490909091,0.7454545455,1.96,3.9335294118,3.7888235294,0.7482352941,2.3629411765,6.5170588235,0.3652941176,7.8864705882,8.8454545455,5.3672727273,0.7363636364,1.6690909091,10.2509090909,0.7472727273,2.0727272727,5.5719402985,3.5176119403,0.8614925373,1.44,9.0250746269,0.8435820896,2.2656716418,4.881,4.8525,0.6735,1.8105,11.085,0.5595,2.667,2.2430769231,3.3581538462,1.248,2.1950769231,5.7987692308,0.3341538462,4.1298461538,"Isolation","Encounter","Short",878
222.3,300.7894285714,121.4348571429,312.99,171.072,190.4725714286,27.8734285714,1062.1424,1580.8304,4789.1392,663.6672,577.6128,738.5568,113.1536,114.3390697674,2135.6651162791,7161.5106976745,452.9148837209,904.2725581395,283.3227906977,221.0023255814,267.0537931034,38.4910344828,46.4255172414,567.2027586207,0,123.4055172414,557.0516504854,166.7440776699,1046.4687378641,501.9617475728,93.8953398058,538.2867961165,33.4759223301,368.5357894737,316.4178947368,731.7536842105,490.8157894737,134.9178947368,338.5957894737,20.7568421053,6.3137142857,4.0045714286,1.104,2.9245714286,11.892,0.7491428571,1.6422857143,5.9584,4.4608,0.8512,2.4704,8.1728,0.6496,5.5584,8.3079069767,5.0344186047,0.7841860465,1.7888372093,10.1553488372,0.7981395349,2.4195348837,6.5917241379,4.2248275862,1.375862069,1.7751724138,10.7068965517,1.0572413793,2.5737931034,5.34,5.0947572816,0.7258252427,2.8357281553,12.1048543689,0.5959223301,3.754368932,3.0284210526,2.9021052632,1.0894736842,2.0557894737,5.3431578947,0.4515789474,5.9968421053,"Control","Encounter","Long",72.5
198.5352,104.3064,148.4496,313.1928,116.2608,160.3056,0,2673.9716129032,655.6916129032,1337.5083870968,899.4793548387,292.7012903226,396.7838709677,37.4825806452,45.0827586207,1029.5917241379,3489.4406896552,452.7620689655,483.5275862069,301.5620689655,128.4144827586,260.509787234,31.794893617,67.3761702128,819.5157446809,0,148.7770212766,409.810212766,280.0136170213,1169.3846808511,654.7940425532,111.9089361702,484.44,27.0025531915,922.2676923077,474.3984615385,1432.3738461538,1293.7123076923,301.2861538462,1083.9784615385,25.5938461538,5.5584,3.5616,0.744,2.76,12.3696,0.5952,1.848,3.975483871,4.2967741935,0.9638709677,2.9380645161,7.56,0.4374193548,10.0258064516,4.5931034483,3.0910344828,0.6165517241,1.2,5.6068965517,0.4882758621,1.8248275862,5.1523404255,4.5344680851,0.9523404255,1.6595744681,10.8995744681,0.8910638298,2.7446808511,5.3336170213,5.6361702128,0.8182978723,2.9208510638,13.5561702128,0.7072340426,4.4221276596,2.3707692308,3.7046153846,1.2923076923,2.6415384615,7.2,0.3507692308,5.3384615385,"Control","Encounter","Long",72.5
260.3807142857,158.1707142857,139.1614285714,561.0535714286,140.2671428571,155.5457142857,0,256.2767213115,3757.7803278689,2905.7173770492,577.8727868853,875.6281967213,217.6367213115,85.1075409836,25.1833846154,2173.4584615384,8179.2443076922,395.2209230769,1076.304,170.2412307692,291.6387692308,214.1263157895,14.8210526316,45.3410526316,617.3221052632,0,136.6631578947,391.6212765957,107.9208510638,565.4068085106,404.809787234,41.2174468085,382.7770212766,8.3565957447,891.1924137931,371.1,829.5248275862,931.6137931034,224.4827586207,538.2724137931,19.0862068966,6.7457142857,3.7542857143,0.9942857143,3.0128571429,13.9542857143,0.7628571429,2.4857142857,5.8347540984,5.1895081967,0.9167213115,2.16,8.9468852459,0.806557377,4.3081967213,7.4141538462,3.7292307692,0.5464615385,1.6061538462,8.2264615385,0.6572307692,1.9790769231,5.0842105263,3.7557894737,0.8821052632,1.7831578947,10.2273684211,0.8378947368,2.4084210526,4.8012765957,5.3029787234,0.7187234043,2.885106383,13.0480851064,0.6855319149,3.9995744681,2.0337931034,2.9110344828,1.4482758621,2.335862069,5.7931034483,0.3703448276,4.8662068966,"Control","Encounter","Long",105
193.2306976744,70.6604651163,75.0474418605,329.751627907,52.6381395349,122.3051162791,0,500.4972413793,2979.4489655172,3080.6151724138,709.7689655172,778.1565517241,380.2572413793,71.94,33.4405479452,2055.4389041096,7290.8301369862,437.1402739726,998.1747945205,216.2465753425,259.7819178082,173.2110638298,23.3795744681,31.7055319149,546.5259574468,0,92.5634042553,370.3689230769,84.0895384615,253.6273846154,426.8086153846,22.1483076923,495.6083076923,6.7024615385,311.6597014925,371.3629850746,801.9605970149,750.3976119403,121.2388059701,521.2710447761,20.06543,6.5358139535,3.968372093,1.3451162791,2.991627907,13.2446511628,0.8874418605,2.2604651163,5.9668965517,4.9531034483,0.8937931034,2.2220689655,8.2468965517,0.7365517241,6.7406896552,8.695890411,4.9249315068,0.9139726027,1.7589041096,10.1424657534,0.9106849315,2.1863013699,6.6382978723,4.5114893617,1.314893617,1.6876595745,11.0782978723,1.1872340426,3.229787234,5.6298461538,5.7609230769,0.7061538462,2.5375384615,13.3144615385,0.7246153846,3.0710769231,2.1725373134,4.0244776119,1.6871641791,2.88,8.2585074627,0.4334328358,3.9008955224,"Control","Encounter","Long",105
198.0490909091,206.9577272727,150.4936363636,385.5218181818,163.545,106.6009090909,0,754.4112,1586.63424,4648.02336,564.84672,514.79616,523.92288,57.43392,56.2314893617,2536.4425531915,13123.6978723405,482.350212766,1218.0255319149,236.0259574468,258.8336170213,244.9662857143,24.6925714286,40.0817142857,469.2085714286,16.1108571429,147.3377142857,430.2477876106,19.3189380531,780.7083185841,541.6460176991,46.9104424779,459.6169911504,11.5019469027,671.4545454545,580.7890909091,1406.1163636364,933.6261818182,247.4181818182,802.0843636364,46.9483636364,6.4390909091,4.2354545455,0.9081818182,2.9127272727,14.28,0.69,2.4381818182,4.87104,4.85952,0.80064,2.44416,7.93152,0.52416,8.112,8.6221276596,5.4638297872,0.605106383,1.9480851064,10.7234042553,0.6689361702,2.3285106383,6.4885714286,4.7091428571,0.8571428571,2.076,11.7428571429,1.0114285714,3.0771428571,3.9260176991,4.712920354,0.5883185841,2.0761061947,10.1638938053,0.4853097345,4.2955752212,2.1709090909,2.9650909091,1.0538181818,1.6712727273,5.2363636364,0.3010909091,7.5403636364,"Control","Encounter","Long",20.5
254.5902857143,68.5165714286,140.7874285714,253.9148571429,78.7285714286,185.664,6.0342857143,2714.8317391304,647.5108695652,1904.4626086957,768.42,284.0204347826,421.222173913,42.3339130435,74.9920661157,1431.0852892562,7895.7114049588,473.946446281,771.2191735537,341.1074380165,224.8849586777,357.5368421053,15.1578947368,50.7957894737,445.2315789474,0,120.7789473684,434.0388571429,218.4537142857,770.2217142857,596.1085714286,47.7394285714,534.5394285714,16.5542857143,497.8046280992,299.3543801653,942.7795041322,942.413553719,180.2965289256,794.987107438,20.7302479339,5.1394285714,3.0034285714,1.0148571429,2.1737142857,10.3165714286,0.6514285714,1.4674285714,3.2452173913,3.1460869565,0.6991304348,1.9460869565,5.3165217391,0.3286956522,6.3365217391,8.5031404959,4.9507438017,0.7557024793,1.7831404959,9.6971900826,0.7338842975,2.2492561983,7.4610526316,4.5221052632,0.9726315789,1.6863157895,11.1494736842,1.1010526316,2.8673684211,4.8731428571,5.3314285714,0.6742857143,2.3371428571,11.7554285714,0.6125714286,3.616,2.412892562,3.2826446281,1.1087603306,2.2333884298,6.3252892562,0.2905785124,3.9758677686,"Control","Encounter","Long",20.5
275.7007228916,85.3373493976,90.153253012,240.076626506,100.1002409639,125.5228915663,0,645.9945205479,3180.7446575343,4258.1802739726,735.3698630137,897.4224657534,547.5879452055,85.1852054795,40.0519626168,1898.2317757009,10050.8837383177,444.3644859813,1098.2220560748,289.7809345794,318.788411215,321.7976470588,17.3788235294,47.8041176471,501.9229411765,7.2211764706,134.1335294118,536.4178217822,344.8265346535,1754.918019802,534.7615841584,165.2637623762,531.1116831683,51.6605940594,430.24,461.102,967.536,540.112,197.398,361.904,39.056,6.1937349398,3.938313253,0.774939759,2.4607228916,11.5662650602,0.5291566265,1.494939759,7.0487671233,6.3945205479,1.0323287671,3.1167123288,9.7183561644,0.775890411,7.2295890411,8.283364486,5.2710280374,0.6482242991,1.8392523364,9.9476635514,0.7379439252,1.8728971963,7.5935294118,5.2588235294,1.08,1.5688235294,10.9147058824,1.1223529412,2.7617647059,6.2091089109,6.1425742574,0.7603960396,2.9287128713,13.5112871287,0.7271287129,3.8803960396,2.762,3.786,1.072,2.516,6.25,0.398,4.39,"Control","Encounter","Long",336.5
351.5694339623,115.6913207547,132.0724528302,464.5030188679,123.0826415094,218.2777358491,0,2089.2093506493,1254.5361038961,1669.1657142857,776.7942857143,358.2997402597,297.8431168831,27.5594805195,78.4264285714,2158.5128571429,7369.5503571429,345.135,853.7892857143,251.3292857143,252.2078571429,350.5048275862,16.9986206897,35.7434482759,406.6965517241,0,116.7255172414,518.3741176471,235.2635294118,562.5,578.0423529412,50.1952941176,456.7941176471,12.7764705882,459.843,561.468,897.744,605.484,228.876,309.639,18.114,5.3750943396,3.2105660377,0.7132075472,2.1464150943,10.7705660377,0.5547169811,1.6188679245,4.1922077922,3.9023376623,2.1568831169,2.6555844156,6.1620779221,0.8384415584,8.5527272727,7.5492857143,4.2792857143,0.6364285714,1.5214285714,8.5564285714,0.6214285714,2.1428571429,6.7806896552,4.3986206897,0.8110344828,1.8993103448,11.3144827586,1.0303448276,2.8082758621,4.22,4.8788235294,0.6741176471,2.5517647059,11.2529411765,0.5647058824,3.2505882353,2.595,3.021,0.96,2.127,5.046,0.378,5.64,"Control","Encounter","Long",336.5
369.325,122.1825,173.37625,425.465,112.165,294.63375,0,3223.0205217391,544.6153043478,1619.6869565217,679.3210434783,221.5022608696,575.6306086956,60.931826087,73.0512820513,2094.081025641,8688.0471794872,489.0112820513,930.8174358974,353.4297435897,354.7158974359,259.8485393258,12.808988764,53.2179775281,395.6278651685,8.7033707865,148.6813483146,429.5112605042,159.6917647059,574.5388235294,459.6383193277,45.0262184874,471.9005042017,10.1314285714,462.7165714286,356.24,1001.6045714286,721.7851428571,193.088,645.0582857143,41.6525714286,6.0025,3.92,0.7675,2.5225,12.1125,0.6,1.79,4.0006956522,4.4806956522,0.9954782609,2.7485217391,7.1540869565,0.4486956522,8.1245217391,8.1702564103,5.0584615385,0.681025641,1.8564102564,9.4564102564,0.7323076923,2.5579487179,6.6512359551,4.3537078652,0.7415730337,1.5168539326,9.9788764045,0.9573033708,2.2287640449,4.4369747899,5.0571428571,0.8016806723,2.494789916,11.0359663866,0.6020168067,3.0050420168,3.024,4.0217142857,1.0914285714,2.3268571429,6.3371428571,0.4365714286,5.208,"Control","Encounter","Long",189.5
207.44,100.7304,152.2656,319.9392,107.652,226.3368,15.7416,2662.28,1013.94875,3910.69375,662.16375,444.035,598.96125,102.15875,35.4970588235,1510.8652941176,10261.6094117647,471.3829411765,947.2094117647,274.0623529412,349.7523529412,250.4731034483,18.6248275862,36.8586206897,355.1193103448,10.0696551724,122.2717241379,990.9726315789,588.5052631579,2322.1357894737,1107.8936842105,162.6157894737,863.58,47.2768421053,620.9136,452.4576,923.1696,855.2712,222.9264,483.3888,22.6872,6.5568,4.2504,0.7632,2.6064,13.416,0.6168,2.136,5.68,4.9225,0.855,2.5925,8.8775,0.5375,10.3375,7.3164705882,3.9035294118,0.48,1.3305882353,7.7858823529,0.5576470588,1.6482352941,5.46,3.5627586207,0.6993103448,1.2268965517,8.215862069,0.8089655172,2.3689655172,4.9744426698,5.3241909849,0.7186443359,2.6186378454,12.1936764772,0.6338929152,3.6994166106,2.3952,3.2832,1.2216,1.9968,5.7528,0.3504,6.1728,"Control","Encounter","Long",189.5
221.756,96.458,153.322,531.422,122.532,232.752,7.122,2181.1094505495,735.3771428571,3741.4931868132,792.5024175824,494.8232967033,733.1037362637,78.9481318681,141.2292537313,1264.0728358209,10660.3110447761,706.9540298507,1176.6823880597,497.1241791045,328.7462686567,369.3646153846,210.1753846154,502.9430769231,757.4261538461,55.3061538462,279.3,460.7464285714,127.1528571429,929.5135714286,659.2735714286,78.3771428571,1017.3,0,851.0032653061,568.8195918367,2013.8718367347,830.2481632653,311.4587755102,961.067755102,35.5836734694,5.92,3.708,0.884,2.052,11.872,0.64,2.004,4.8448351648,4.4861538462,0.778021978,2.4395604396,7.9753846154,0.4668131868,8.0624175824,8.5253731343,5.0686567164,0.9349253731,1.6191044776,10.0370149254,0.7486567164,2.4752238806,8.6676923077,5.7092307692,1.1215384615,1.8276923077,13.5,1.2369230769,3.4615384615,5.6035714286,5.0764285714,0.8164285714,2.1321428571,13.1142857143,0.6514285714,2.8392857143,2.987755102,3.7493877551,1.08,2.1918367347,6.492244898,0.36,6.053877551,"Isolation","Encounter","Long",535.5
373.0884210526,76.4484210526,181.6568421053,430.1052631579,161.2442105263,325.8294736842,28.6357894737,222.5221621622,2321.5751351351,8840.5135135134,793.3167567567,1080.0421621622,691.3232432432,227.7989189189,50.324,1931.988,15376.164,627.01,1456.396,262.946,496.754,364.1929411765,0,42.9741176471,431.7741176471,0,233.7858823529,914.6623255814,670.6381395349,3123.3013953489,1192.8502325582,319.9813953488,763.3981395349,95.7544186047,1354.5085714286,1026.3142857143,2903.5085714286,1406.1257142857,473.4228571429,1220.2,75.2685714286,6.0042105263,4.3536842105,0.7410526316,2.4715789474,13.5031578947,0.5431578947,1.6210526316,7.1027027027,6.7135135135,1.2,2.2313513514,10.8908108108,1.0118918919,3.2302702703,9.54,5.992,0.704,1.872,11.364,0.796,2.136,7.6235294118,5.3176470588,0.8964705882,1.8729411765,12.6117647059,1.1223529412,2.5905882353,6.84,7.4009302326,0.9404651163,2.6762790698,13.2837209302,0.7786046512,7.2697674419,3.9485714286,5.88,1.6742857143,3.3485714286,9.0742857143,0.56,9.6971428571,"Isolation","Encounter","Long",535.5
275.7085714286,147.3714285714,132.3219047619,409.7504761905,100.0742857143,163.3733333333,15.8438095238,1882.675,1258.29,8749.575,885.935,622.44,1091.0525,168.5025,279.6993103448,1657.8151724138,14298.2896551723,655.9255172414,1194.6482758621,490.36,455.1972413793,283.6594285714,0,45.5348571429,410.6142857143,0,168.3565714286,806.2248,254.5512,2171.3496,864.8616,125.1336,835.7448,67.884,573.1813953488,493.2223255814,1217.8576744186,654.1590697674,201.5497674419,611.0902325581,45.0055813953,6.0304761905,3.8019047619,0.8266666667,2.5447619048,11.36,0.5561904762,1.8552380952,5.81,5.65,1.145,2.675,9.085,0.68,7.61,10.3889655172,6.7834482759,0.8689655172,2.3337931034,12.3613793103,0.8055172414,3.1586206897,7.2342857143,4.608,0.8742857143,1.6594285714,10.9508571429,1.0045714286,2.3451428571,7.548,7.032,0.9528,2.6976,15.1704,0.8184,5.3232,3.3041860465,3.7339534884,1.0074418605,2.271627907,5.6260465116,0.368372093,7.303255814,"Isolation","Encounter","Long",632
531.712,70.004,209.464,463.332,111.096,410.148,0,838.9523076923,2456.7,5521.3015384614,924.5953846154,657.1569230769,790.0153846154,88.8230769231,37.0509677419,1470.7141935484,14710.0335483871,582.8787096774,1148.4038709678,300.5167741935,392.5761290323,378.2195121951,17.0019512195,71.6809756098,496.0185365854,0,275.4585365854,514.613877551,177.8187755102,791.8212244898,570.7542857143,27.6024489796,851.7257142857,50.1706122449,902.4616216216,581.8378378379,2057.4032432433,642.9924324324,279.7718918919,768.4702702703,69.9794594595,8.512,5.24,1.2,3.024,16.296,0.744,2.224,5.6030769231,5.1969230769,1.2830769231,2.2707692308,7.8461538462,0.7569230769,7.1907692308,10.424516129,5.0709677419,0.9716129032,1.6529032258,10.9587096774,0.8283870968,1.9819354839,7.5687804878,4.952195122,1.0829268293,1.2848780488,10.5746341463,1.0243902439,2.5785365854,4.6065306122,5.2555102041,0.7591836735,1.9812244898,10.8220408163,0.5216326531,3.2963265306,3.1978378378,3.9827027027,1.3848648649,1.9362162162,6.3502702703,0.4118918919,7.6378378378,"Isolation","Encounter","Long",632
339.1692307692,68.9846153846,179.0984615385,277.0523076923,84.4892307692,311.0676923077,6.1784615385,2642.7391304348,934.8130434783,5174.1860869565,796.9617391304,572.8982608696,920.0373913043,130.7556521739,68.5578947368,3238.26,30687.4389473682,1000.2947368421,2693.2326315789,723.6347368421,1025.9115789474,291.4016326531,6.7714285714,18.5853061224,389.0179591837,0,228.8375510204,1238.18,213.415,1645.03,1186.055,60.06,1689.095,38.565,555.01,513.2933333333,1582.0333333333,731.2933333333,258.5833333333,894.3133333333,71.2766666667,7.3907692308,3.7107692308,0.9353846154,2.8061538462,13.9815384615,0.6646153846,2.1846153846,5.9582608696,4.2,6.187826087,2.6086956522,8.5356521739,0.5739130435,11.2069565217,18.6442105263,8.6842105263,1.6989473684,3.5557894737,20.5894736842,1.5915789474,4.0357894737,7.0457142857,3.1591836735,0.827755102,0.9257142857,7.8440816327,0.786122449,2.4073469388,11.36,9.73,1.465,4.5,26.305,1.325,8.775,3.2233333333,3.4233333333,1.2633333333,2.3533333333,6.6166666667,0.42,10.11,"Isolation","Encounter","Long",849
269.8628571429,52.1755102041,128.6448979592,278.3804081633,71.9804081633,220.1975510204,0,1182.8427272727,853.2709090909,4950.9545454546,737.3454545455,500.7763636364,862.3063636364,113.1954545455,81.1903448276,1832.3131034483,15403.475172414,662.3420689655,1496.58,473.7351724138,547.5951724138,358.4571428571,0,67.36,304.7514285714,0,202.9571428571,584.7408,341.4288,2815.896,680.8296,196.8312,661.6104,75.3456,958.9314285714,775.3771428571,2468.7142857143,569.6857142857,364.5542857143,486.6114285714,151.52,5.4269387755,3.0220408163,0.7836734694,2.0914285714,10.5991836735,0.5289795918,1.6702040816,4.4181818182,3.4090909091,0.7636363636,1.9145454545,6.4909090909,0.4909090909,7.92,10.7379310345,5.7475862069,0.8068965517,2.0275862069,12.3848275862,0.8606896552,2.7227586207,6.9,3.7314285714,0.7428571429,1.2628571429,9.5314285714,0.92,2.7228571429,5.1456,4.4424,0.6912,1.8648,10.1808,0.5808,4.9704,3.8114285714,4.64,1.5028571429,2.2685714286,8.0057142857,0.5714285714,5.6857142857,"Isolation","Encounter","Long",849
300.83625,120.165,184.87125,381.96,169.65375,230.64,0,1173.3999999999,2980.3371428568,9981.6571428566,1331.3771428571,1082.0857142856,1009.3085714285,171.1771428571,51.6537313433,2143.9719402985,14892.9886567166,602.3426865672,1587.0680597015,344.1241791045,428.6811940299,1032.7971428571,0,169.4914285714,1080.6514285714,0,622.2428571428,996.5616,633.2352,1730.1696,974.2008,189.5976,499.608,36.2328,687.5006896552,748.9282758621,2033.7393103448,363.6289655172,316.4482758621,352.6924137931,108.6537931034,8.235,3.975,0.9825,3.12,15.1125,0.6675,2.37,7.3142857143,5.5428571429,6.0457142857,4.0114285714,8.4285714286,1.6285714286,10.1257142857,9.0591044776,4.5026865672,0.6734328358,1.6549253731,9.6501492537,0.6770149254,2.1205970149,21.8914285714,11.4428571429,2.4771428571,3.9942857143,30.1114285714,2.7,7.32,6.2136,5.8464,0.8784,2.5128,12.2328,0.6624,8.352,4.0220689655,4.6634482759,1.6510344828,2.2924137931,7.3613793103,0.6331034483,6.0372413793,"Isolation","Encounter","Long",757.5
303.8,59.0888888889,115.4622222222,262.2933333333,70.7088888889,213.4311111111,0,1656.2894117647,1231.4505882353,6243.1411764705,1174.4188235294,671.8129411765,1165.7647058823,165.6988235294,186.5483870968,2016.7425806452,2017.6025806452,664.7516129032,1613.604516129,820.244516129,380.4251612903,325.6247619048,0,68.1866666667,602.1923809524,0,243.2304761905,705.8628571429,245.3771428572,1659.8742857144,986.3428571429,267.4742857143,535.68,76.8914285714,1388.71,748.825,2318.21,1090.85,421.785,1021.665,83.075,6.6755555556,4.1333333333,0.8755555556,2.4488888889,13.2622222222,0.6533333333,1.9333333333,5.9929411765,5.5341176471,2.1105882353,3.0070588235,9.24,1.1152941176,9.2117647059,4.9819354839,4.695483871,0.6812903226,2.1561290323,10.2658064516,0.584516129,3.6503225806,7.7885714286,4.6895238095,0.9942857143,1.2266666667,10.8819047619,1.059047619,2.6133333333,14.0228571429,8.8457142857,1.0114285714,2.4514285714,17.2314285714,1.2742857143,3.5485714286,3.745,5.085,1.74,2.645,8.63,0.52,7.995,"Isolation","Encounter","Long",757.5
425.7132467532,100.8903896104,276.1371428571,477.6420779221,187.4477922078,444.9506493506,12.5314285714,5393.805,597.252,2872.077,1152.09,452.868,986.991,107.295,91.3069879518,1016.8395180723,9826.985060241,791.2395180723,1103.4390361446,639.4597590361,329.193253012,352.8,24.8446753247,100.6722077922,555.8524675325,20.2597402597,267.854025974,657.72,163.3842857143,1385.4128571429,635.3592857143,86.0378571429,771.96,31.4207142857,638.2517647059,462.96,1422.8823529412,377.5129411765,225.9423529412,446.4811764706,42.6564705882,6.7262337662,3.9709090909,0.825974026,2.5994805195,13.6145454545,0.5361038961,1.92,4.398,4.35,1.35,2.718,7.794,0.516,10.2,7.3561445783,4.2968674699,0.6187951807,1.4804819277,8.1253012048,0.5002409639,2.4028915663,5.1864935065,4.0098701299,0.7402597403,1.7392207792,10.012987013,0.7371428571,1.8716883117,4.6478571429,4.53,0.6664285714,1.8171428571,10.7742857143,0.525,3.5421428571,3.5647058824,3.9458823529,1.4576470588,2.0788235294,6.0317647059,0.4905882353,7.9976470588,"Isolation","Encounter","Long",693.5
338.5873170732,80.2068292683,177.4302439024,218.0575609756,91.352195122,185.0195121951,0,2795.4,1129.7731343284,6699.0089552238,724.4991044776,647.9964179104,852.7576119403,122.9373134328,31.7714285714,1607.01,14957.3285714286,530.9071428571,1410.15,330.8557142857,416.9285714286,392.0336842105,0,32.2294736842,343.3578947368,10.7663157895,222.9326315789,835.5696,193.2912,1321.0944,600.2064,78.2904,751.0512,24.5256,1107.8836363637,1146.5454545455,3521.5527272728,492.1690909091,560.1109090909,602.8854545455,131.9836363636,6.2809756098,2.6575609756,0.8487804878,2.16,11.7131707317,0.5736585366,1.7151219512,5.5056716418,4.2805970149,1.1104477612,2.607761194,8.8620895522,0.6340298507,7.9844776119,9.3514285714,4.1742857143,0.7285714286,1.6542857143,10.1685714286,0.76,1.84,8.1157894737,3.7221052632,0.9031578947,1.4715789474,11.8231578947,1.0673684211,2.2484210526,2.9808,3.8856,2.7072,3.2736,12.7296,1.62,1.62,6.42,6.6654545455,2.1218181818,3.6436363636,11.7272727273,0.9218181818,10.3690909091,"Isolation","Encounter","Long",693.5
